league,season,game,round,week,day,date,time,home_team,score,away_team,attendance,venue,referee,match_report,notes,game_id
ENG-Championship,2425,2024-08-09 Blackburn-Derby County,Championship,1,Fri,2024-08-09,20:00,Blackburn,4–2,Derby County,17975,Ewood Park,Joshua Smith,/en/matches/1ae41d3c/Blackburn-Rovers-Derby-County-August-9-2024-Championship,,1ae41d3c
ENG-Championship,2425,2024-08-09 Preston-Sheffield United,Championship,1,Fri,2024-08-09,20:00,Preston,0–2,Sheffield United,17948,Deepdale Stadium,Robert Madley,/en/matches/8ef33ae3/Preston-North-End-Sheffield-United-August-9-2024-Championship,,8ef33ae3
ENG-Championship,2425,2024-08-10 Cardiff City-Sunderland,Championship,1,Sat,2024-08-10,12:30,Cardiff City,0–2,Sunderland,21401,Cardiff City Stadium,Andrew Davies,/en/matches/9e3914bb/Cardiff-City-Sunderland-August-10-2024-Championship,,9e3914bb
ENG-Championship,2425,2024-08-10 Hull City-Bristol City,Championship,1,Sat,2024-08-10,12:30,Hull City,1–1,Bristol City,21011,MKM Stadium,Keith Stroud,/en/matches/3ee7f7ab/Hull-City-Bristol-City-August-10-2024-Championship,,3ee7f7ab
ENG-Championship,2425,2024-08-10 Leeds United-Portsmouth,Championship,1,Sat,2024-08-10,12:30,Leeds United,3–3,Portsmouth,36432,Elland Road,Oliver Langford,/en/matches/fc3ff616/Leeds-United-Portsmouth-August-10-2024-Championship,,fc3ff616
ENG-Championship,2425,2024-08-10 Middlesbrough-Swansea City,Championship,1,Sat,2024-08-10,12:30,Middlesbrough,1–0,Swansea City,26610,Riverside Stadium,Samuel Allison,/en/matches/342cfc84/Middlesbrough-Swansea-City-August-10-2024-Championship,,342cfc84
ENG-Championship,2425,2024-08-10 Millwall-Watford,Championship,1,Sat,2024-08-10,12:30,Millwall,2–3,Watford,16456,The Den,John Busby,/en/matches/537561a8/Millwall-Watford-August-10-2024-Championship,,537561a8
ENG-Championship,2425,2024-08-10 Oxford United-Norwich City,Championship,1,Sat,2024-08-10,12:30,Oxford United,2–0,Norwich City,11333,The Kassam Stadium,Andrew Kitchen,/en/matches/0ffd5479/Oxford-United-Norwich-City-August-10-2024-Championship,,0ffd5479
ENG-Championship,2425,2024-08-10 QPR-West Brom,Championship,1,Sat,2024-08-10,12:30,QPR,1–3,West Brom,16587,MATRADE Loftus Road Stadium,David Webb,/en/matches/ffa37749/Queens-Park-Rangers-West-Bromwich-Albion-August-10-2024-Championship,,ffa37749
ENG-Championship,2425,2024-08-10 Stoke City-Coventry City,Championship,1,Sat,2024-08-10,12:30,Stoke City,1–0,Coventry City,25037,bet365 Stadium,Gavin Ward,/en/matches/47f3a55d/Stoke-City-Coventry-City-August-10-2024-Championship,,47f3a55d
ENG-Championship,2425,2024-08-11 Sheffield Weds-Plymouth Argyle,Championship,1,Sun,2024-08-11,16:00,Sheffield Weds,4–0,Plymouth Argyle,29535,Hillsborough Stadium,Lewis Smith,/en/matches/7a780f54/Sheffield-Wednesday-Plymouth-Argyle-August-11-2024-Championship,,7a780f54
ENG-Championship,2425,2024-08-12 Luton Town-Burnley,Championship,1,Mon,2024-08-12,20:00,Luton Town,1–4,Burnley,11777,Kenilworth Road Stadium,Matt Donohue,/en/matches/fb2dbc00/Luton-Town-Burnley-August-12-2024-Championship,,fb2dbc00
ENG-Championship,2425,2024-08-16 Coventry City-Oxford United,Championship,2,Fri,2024-08-16,20:00,Coventry City,3–2,Oxford United,28051,Coventry Building Society Arena,David Coote,/en/matches/e2a0f634/Coventry-City-Oxford-United-August-16-2024-Championship,,e2a0f634
ENG-Championship,2425,2024-08-17 Bristol City-Millwall,Championship,2,Sat,2024-08-17,15:00,Bristol City,4–3,Millwall,20733,Ashton Gate Stadium,Sunny Gill,/en/matches/d7ca5cbb/Bristol-City-Millwall-August-17-2024-Championship,,d7ca5cbb
ENG-Championship,2425,2024-08-17 Burnley-Cardiff City,Championship,2,Sat,2024-08-17,15:00,Burnley,5–0,Cardiff City,19759,Turf Moor,Michael Salisbury,/en/matches/f207fdeb/Burnley-Cardiff-City-August-17-2024-Championship,,f207fdeb
ENG-Championship,2425,2024-08-17 Derby County-Middlesbrough,Championship,2,Sat,2024-08-17,12:30,Derby County,1–0,Middlesbrough,29443,Pride Park Stadium,Robert Madley,/en/matches/7b5e3cb2/Derby-County-Middlesbrough-August-17-2024-Championship,,7b5e3cb2
ENG-Championship,2425,2024-08-17 Norwich City-Blackburn,Championship,2,Sat,2024-08-17,15:00,Norwich City,2–2,Blackburn,26400,Carrow Road,James Bell,/en/matches/6abd6f80/Norwich-City-Blackburn-Rovers-August-17-2024-Championship,,6abd6f80
ENG-Championship,2425,2024-08-17 Plymouth Argyle-Hull City,Championship,2,Sat,2024-08-17,15:00,Plymouth Argyle,1–1,Hull City,16306,Home Park,Leigh Doughty,/en/matches/80b3e0c0/Plymouth-Argyle-Hull-City-August-17-2024-Championship,,80b3e0c0
ENG-Championship,2425,2024-08-17 Portsmouth-Luton Town,Championship,2,Sat,2024-08-17,12:30,Portsmouth,0–0,Luton Town,20293,Fratton Park,John Busby,/en/matches/cc91bd09/Portsmouth-Luton-Town-August-17-2024-Championship,,cc91bd09
ENG-Championship,2425,2024-08-17 Sheffield United-QPR,Championship,2,Sat,2024-08-17,15:00,Sheffield United,2–2,QPR,27527,Bramall Lane,Anthony Backhouse,/en/matches/4d1d8962/Sheffield-United-Queens-Park-Rangers-August-17-2024-Championship,,4d1d8962
ENG-Championship,2425,2024-08-17 Swansea City-Preston,Championship,2,Sat,2024-08-17,15:00,Swansea City,3–0,Preston,14037,Swansea.com Stadium,Stephen Martin,/en/matches/b84fdcb5/Swansea-City-Preston-North-End-August-17-2024-Championship,,b84fdcb5
ENG-Championship,2425,2024-08-17 Watford-Stoke City,Championship,2,Sat,2024-08-17,15:00,Watford,3–0,Stoke City,18789,Vicarage Road Stadium,Tom Nield,/en/matches/6e180658/Watford-Stoke-City-August-17-2024-Championship,,6e180658
ENG-Championship,2425,2024-08-17 West Brom-Leeds United,Championship,2,Sat,2024-08-17,12:30,West Brom,0–0,Leeds United,25329,The Hawthorns,Samuel Allison,/en/matches/6cc636f7/West-Bromwich-Albion-Leeds-United-August-17-2024-Championship,,6cc636f7
ENG-Championship,2425,2024-08-18 Sunderland-Sheffield Weds,Championship,2,Sun,2024-08-18,12:00,Sunderland,4–0,Sheffield Weds,40022,Stadium of Light,Dean Whitestone,/en/matches/ab1574d3/Sunderland-Sheffield-Wednesday-August-18-2024-Championship,,ab1574d3
ENG-Championship,2425,2024-08-23 Sheffield Weds-Leeds United,Championship,3,Fri,2024-08-23,20:00,Sheffield Weds,0–2,Leeds United,28800,Hillsborough Stadium,Simon Hooper,/en/matches/ced9ecd0/Sheffield-Wednesday-Leeds-United-August-23-2024-Championship,,ced9ecd0
ENG-Championship,2425,2024-08-24 Blackburn-Oxford United,Championship,3,Sat,2024-08-24,15:00,Blackburn,2–1,Oxford United,14769,Ewood Park,Lewis Smith,/en/matches/d548e35e/Blackburn-Rovers-Oxford-United-August-24-2024-Championship,,d548e35e
ENG-Championship,2425,2024-08-24 Bristol City-Coventry City,Championship,3,Sat,2024-08-24,12:30,Bristol City,1–1,Coventry City,21454,Ashton Gate Stadium,Andrew Kitchen,/en/matches/499a9d69/Bristol-City-Coventry-City-August-24-2024-Championship,,499a9d69
ENG-Championship,2425,2024-08-24 Hull City-Millwall,Championship,3,Sat,2024-08-24,12:30,Hull City,0–0,Millwall,20009,MKM Stadium,David Webb,/en/matches/958fdf9f/Hull-City-Millwall-August-24-2024-Championship,,958fdf9f
ENG-Championship,2425,2024-08-24 Middlesbrough-Portsmouth,Championship,3,Sat,2024-08-24,15:00,Middlesbrough,2–2,Portsmouth,26270,Riverside Stadium,Matt Donohue,/en/matches/202967ff/Middlesbrough-Portsmouth-August-24-2024-Championship,,202967ff
ENG-Championship,2425,2024-08-24 Norwich City-Sheffield United,Championship,3,Sat,2024-08-24,15:00,Norwich City,1–1,Sheffield United,26373,Carrow Road,Joshua Smith,/en/matches/008769e1/Norwich-City-Sheffield-United-August-24-2024-Championship,,008769e1
ENG-Championship,2425,2024-08-24 Preston-Luton Town,Championship,3,Sat,2024-08-24,15:00,Preston,1–0,Luton Town,15245,Deepdale Stadium,Dean Whitestone,/en/matches/9aef1d9c/Preston-North-End-Luton-Town-August-24-2024-Championship,,9aef1d9c
ENG-Championship,2425,2024-08-24 QPR-Plymouth Argyle,Championship,3,Sat,2024-08-24,12:30,QPR,1–1,Plymouth Argyle,15285,MATRADE Loftus Road Stadium,Gavin Ward,/en/matches/56b95bb5/Queens-Park-Rangers-Plymouth-Argyle-August-24-2024-Championship,,56b95bb5
ENG-Championship,2425,2024-08-24 Stoke City-West Brom,Championship,3,Sat,2024-08-24,15:00,Stoke City,1–2,West Brom,24371,bet365 Stadium,James Bell,/en/matches/da9feef3/Stoke-City-West-Bromwich-Albion-August-24-2024-Championship,,da9feef3
ENG-Championship,2425,2024-08-24 Sunderland-Burnley,Championship,3,Sat,2024-08-24,15:00,Sunderland,1–0,Burnley,40096,Stadium of Light,Steve Martin,/en/matches/2375d0ce/Sunderland-Burnley-August-24-2024-Championship,,2375d0ce
ENG-Championship,2425,2024-08-24 Watford-Derby County,Championship,3,Sat,2024-08-24,15:00,Watford,2–1,Derby County,18911,Vicarage Road Stadium,Geoff Eltringham,/en/matches/4b94620e/Watford-Derby-County-August-24-2024-Championship,,4b94620e
ENG-Championship,2425,2024-08-25 Swansea City-Cardiff City,Championship,3,Sun,2024-08-25,15:00,Swansea City,1–1,Cardiff City,20174,Swansea.com Stadium,Oliver Langford,/en/matches/112ed598/Swansea-City-Cardiff-City-August-25-2024-Championship,,112ed598
ENG-Championship,2425,2024-08-30 Luton Town-QPR,Championship,4,Fri,2024-08-30,20:00,Luton Town,1–2,QPR,11798,Kenilworth Road Stadium,Robert Madley,/en/matches/e4ba4d60/Luton-Town-Queens-Park-Rangers-August-30-2024-Championship,,e4ba4d60
ENG-Championship,2425,2024-08-31 Burnley-Blackburn,Championship,4,Sat,2024-08-31,12:30,Burnley,1–1,Blackburn,21042,Turf Moor,Tony Harrington,/en/matches/257e736a/Burnley-Blackburn-Rovers-August-31-2024-Championship,,257e736a
ENG-Championship,2425,2024-08-31 Cardiff City-Middlesbrough,Championship,4,Sat,2024-08-31,12:30,Cardiff City,0–2,Middlesbrough,18000,Cardiff City Stadium,David Webb,/en/matches/0c8b1dab/Cardiff-City-Middlesbrough-August-31-2024-Championship,,0c8b1dab
ENG-Championship,2425,2024-08-31 Coventry City-Norwich City,Championship,4,Sat,2024-08-31,12:30,Coventry City,0–1,Norwich City,27353,Coventry Building Society Arena,Andrew Davies,/en/matches/a2eaf014/Coventry-City-Norwich-City-August-31-2024-Championship,,a2eaf014
ENG-Championship,2425,2024-08-31 Derby County-Bristol City,Championship,4,Sat,2024-08-31,15:00,Derby County,3–0,Bristol City,29270,Pride Park Stadium,Tom Nield,/en/matches/fbaa8c37/Derby-County-Bristol-City-August-31-2024-Championship,,fbaa8c37
ENG-Championship,2425,2024-08-31 Leeds United-Hull City,Championship,4,Sat,2024-08-31,15:00,Leeds United,2–0,Hull City,36517,Elland Road,Gavin Ward,/en/matches/507f8537/Leeds-United-Hull-City-August-31-2024-Championship,,507f8537
ENG-Championship,2425,2024-08-31 Millwall-Sheffield Weds,Championship,4,Sat,2024-08-31,15:00,Millwall,3–0,Sheffield Weds,14905,The Den,Leigh Doughty,/en/matches/f7aeb7f3/Millwall-Sheffield-Wednesday-August-31-2024-Championship,,f7aeb7f3
ENG-Championship,2425,2024-08-31 Oxford United-Preston,Championship,4,Sat,2024-08-31,15:00,Oxford United,3–1,Preston,11403,The Kassam Stadium,Keith Stroud,/en/matches/10cf5da6/Oxford-United-Preston-North-End-August-31-2024-Championship,,10cf5da6
ENG-Championship,2425,2024-08-31 Plymouth Argyle-Stoke City,Championship,4,Sat,2024-08-31,15:00,Plymouth Argyle,0–1,Stoke City,16934,Home Park,Oliver Langford,/en/matches/9be32a93/Plymouth-Argyle-Stoke-City-August-31-2024-Championship,,9be32a93
ENG-Championship,2425,2024-08-31 Portsmouth-Sunderland,Championship,4,Sat,2024-08-31,15:00,Portsmouth,1–3,Sunderland,20231,Fratton Park,Samuel Allison,/en/matches/26ebbffe/Portsmouth-Sunderland-August-31-2024-Championship,,26ebbffe
ENG-Championship,2425,2024-08-31 West Brom-Swansea City,Championship,4,Sat,2024-08-31,15:00,West Brom,1–0,Swansea City,24975,The Hawthorns,Anthony Backhouse,/en/matches/3d1defc6/West-Bromwich-Albion-Swansea-City-August-31-2024-Championship,,3d1defc6
ENG-Championship,2425,2024-09-01 Sheffield United-Watford,Championship,4,Sun,2024-09-01,15:00,Sheffield United,1–0,Watford,26914,Bramall Lane,Andrew Kitchen,/en/matches/080b0dd7/Sheffield-United-Watford-September-1-2024-Championship,,080b0dd7
ENG-Championship,2425,2024-09-13 Hull City-Sheffield United,Championship,5,Fri,2024-09-13,20:00,Hull City,0–2,Sheffield United,22403,MKM Stadium,Peter Bankes,/en/matches/6cfbf05a/Hull-City-Sheffield-United-September-13-2024-Championship,,6cfbf05a
ENG-Championship,2425,2024-09-14 Blackburn-Bristol City,Championship,5,Sat,2024-09-14,15:00,Blackburn,3–0,Bristol City,14087,Ewood Park,Stephen Martin,/en/matches/ee019e58/Blackburn-Rovers-Bristol-City-September-14-2024-Championship,,ee019e58
ENG-Championship,2425,2024-09-14 Derby County-Cardiff City,Championship,5,Sat,2024-09-14,15:00,Derby County,1–0,Cardiff City,28985,Pride Park Stadium,Matt Donohue,/en/matches/6c3cd68e/Derby-County-Cardiff-City-September-14-2024-Championship,,6c3cd68e
ENG-Championship,2425,2024-09-14 Leeds United-Burnley,Championship,5,Sat,2024-09-14,12:30,Leeds United,0–1,Burnley,36405,Elland Road,James Bell,/en/matches/0af79e36/Leeds-United-Burnley-September-14-2024-Championship,,0af79e36
ENG-Championship,2425,2024-09-14 Middlesbrough-Preston,Championship,5,Sat,2024-09-14,15:00,Middlesbrough,1–1,Preston,25116,Riverside Stadium,Tom Nield,/en/matches/d2fd59c2/Middlesbrough-Preston-North-End-September-14-2024-Championship,,d2fd59c2
ENG-Championship,2425,2024-09-14 Millwall-Luton Town,Championship,5,Sat,2024-09-14,12:30,Millwall,0–1,Luton Town,14804,The Den,Joshua Smith,/en/matches/d7224f0c/Millwall-Luton-Town-September-14-2024-Championship,,d7224f0c
ENG-Championship,2425,2024-09-14 Oxford United-Stoke City,Championship,5,Sat,2024-09-14,12:30,Oxford United,1–0,Stoke City,11507,The Kassam Stadium,Dean Whitestone,/en/matches/f25562c7/Oxford-United-Stoke-City-September-14-2024-Championship,,f25562c7
ENG-Championship,2425,2024-09-14 Plymouth Argyle-Sunderland,Championship,5,Sat,2024-09-14,15:00,Plymouth Argyle,3–2,Sunderland,16967,Home Park,John Brooks,/en/matches/b872dddc/Plymouth-Argyle-Sunderland-September-14-2024-Championship,,b872dddc
ENG-Championship,2425,2024-09-14 Sheffield Weds-QPR,Championship,5,Sat,2024-09-14,15:00,Sheffield Weds,1–1,QPR,26283,Hillsborough Stadium,Oliver Langford,/en/matches/665bf0d4/Sheffield-Wednesday-Queens-Park-Rangers-September-14-2024-Championship,,665bf0d4
ENG-Championship,2425,2024-09-14 Swansea City-Norwich City,Championship,5,Sat,2024-09-14,15:00,Swansea City,1–0,Norwich City,14097,Swansea.com Stadium,John Busby,/en/matches/3faa8e14/Swansea-City-Norwich-City-September-14-2024-Championship,,3faa8e14
ENG-Championship,2425,2024-09-14 Watford-Coventry City,Championship,5,Sat,2024-09-14,15:00,Watford,1–1,Coventry City,19441,Vicarage Road Stadium,Robert Madley,/en/matches/a8188355/Watford-Coventry-City-September-14-2024-Championship,,a8188355
ENG-Championship,2425,2024-09-15 Portsmouth-West Brom,Championship,5,Sun,2024-09-15,15:00,Portsmouth,0–3,West Brom,20205,Fratton Park,Leigh Doughty,/en/matches/068be4f0/Portsmouth-West-Bromwich-Albion-September-15-2024-Championship,,068be4f0
ENG-Championship,2425,2024-09-20 Stoke City-Hull City,Championship,6,Fri,2024-09-20,20:00,Stoke City,1–3,Hull City,23366,bet365 Stadium,Ben Toner,/en/matches/f54132df/Stoke-City-Hull-City-September-20-2024-Championship,,f54132df
ENG-Championship,2425,2024-09-21 Bristol City-Oxford United,Championship,6,Sat,2024-09-21,15:00,Bristol City,2–1,Oxford United,28125,Ashton Gate Stadium,Will Finnie,/en/matches/27125a56/Bristol-City-Oxford-United-September-21-2024-Championship,,27125a56
ENG-Championship,2425,2024-09-21 Burnley-Portsmouth,Championship,6,Sat,2024-09-21,15:00,Burnley,2–1,Portsmouth,20476,Turf Moor,David Webb,/en/matches/a8b889f8/Burnley-Portsmouth-September-21-2024-Championship,,a8b889f8
ENG-Championship,2425,2024-09-21 Cardiff City-Leeds United,Championship,6,Sat,2024-09-21,15:00,Cardiff City,0–2,Leeds United,23207,Cardiff City Stadium,Joshua Smith,/en/matches/5cae7b0c/Cardiff-City-Leeds-United-September-21-2024-Championship,,5cae7b0c
ENG-Championship,2425,2024-09-21 Coventry City-Swansea City,Championship,6,Sat,2024-09-21,15:00,Coventry City,1–2,Swansea City,26273,Coventry Building Society Arena,James Linington,/en/matches/9a8712b1/Coventry-City-Swansea-City-September-21-2024-Championship,,9a8712b1
ENG-Championship,2425,2024-09-21 Luton Town-Sheffield Weds,Championship,6,Sat,2024-09-21,15:00,Luton Town,2–1,Sheffield Weds,11805,Kenilworth Road Stadium,Gavin Ward,/en/matches/5bb0782c/Luton-Town-Sheffield-Wednesday-September-21-2024-Championship,,5bb0782c
ENG-Championship,2425,2024-09-21 Norwich City-Watford,Championship,6,Sat,2024-09-21,12:30,Norwich City,4–1,Watford,26438,Carrow Road,Anthony Backhouse,/en/matches/713c8ff3/Norwich-City-Watford-September-21-2024-Championship,,713c8ff3
ENG-Championship,2425,2024-09-21 QPR-Millwall,Championship,6,Sat,2024-09-21,12:30,QPR,1–1,Millwall,15350,MATRADE Loftus Road Stadium,John Busby,/en/matches/7a241470/Queens-Park-Rangers-Millwall-September-21-2024-Championship,,7a241470
ENG-Championship,2425,2024-09-21 Sheffield United-Derby County,Championship,6,Sat,2024-09-21,15:00,Sheffield United,1–0,Derby County,28685,Bramall Lane,Andy Madley,/en/matches/98d165eb/Sheffield-United-Derby-County-September-21-2024-Championship,,98d165eb
ENG-Championship,2425,2024-09-21 Sunderland-Middlesbrough,Championship,6,Sat,2024-09-21,12:30,Sunderland,1–0,Middlesbrough,42781,Stadium of Light,Simon Hooper,/en/matches/084412ff/Sunderland-Middlesbrough-September-21-2024-Championship,,084412ff
ENG-Championship,2425,2024-09-21 West Brom-Plymouth Argyle,Championship,6,Sat,2024-09-21,15:00,West Brom,1–0,Plymouth Argyle,25754,The Hawthorns,Andrew Kitchen,/en/matches/f75f5ece/West-Bromwich-Albion-Plymouth-Argyle-September-21-2024-Championship,,f75f5ece
ENG-Championship,2425,2024-09-22 Preston-Blackburn,Championship,6,Sun,2024-09-22,12:00,Preston,0–0,Blackburn,20945,Deepdale Stadium,Matt Donohue,/en/matches/8843bf80/Preston-North-End-Blackburn-Rovers-September-22-2024-Championship,,8843bf80
ENG-Championship,2425,2024-09-27 Plymouth Argyle-Luton Town,Championship,7,Fri,2024-09-27,20:00,Plymouth Argyle,3–1,Luton Town,16616,Home Park,John Busby,/en/matches/195bc214/Plymouth-Argyle-Luton-Town-September-27-2024-Championship,,195bc214
ENG-Championship,2425,2024-09-28 Blackburn-QPR,Championship,7,Sat,2024-09-28,12:30,Blackburn,2–0,QPR,13789,Ewood Park,Craig Pawson,/en/matches/901c1b82/Blackburn-Rovers-Queens-Park-Rangers-September-28-2024-Championship,,901c1b82
ENG-Championship,2425,2024-09-28 Derby County-Norwich City,Championship,7,Sat,2024-09-28,12:30,Derby County,2–3,Norwich City,28915,Pride Park Stadium,Oliver Langford,/en/matches/0fd10cd6/Derby-County-Norwich-City-September-28-2024-Championship,,0fd10cd6
ENG-Championship,2425,2024-09-28 Hull City-Cardiff City,Championship,7,Sat,2024-09-28,15:00,Hull City,4–1,Cardiff City,22665,MKM Stadium,Leigh Doughty,/en/matches/65f173f3/Hull-City-Cardiff-City-September-28-2024-Championship,,65f173f3
ENG-Championship,2425,2024-09-28 Leeds United-Coventry City,Championship,7,Sat,2024-09-28,15:00,Leeds United,3–0,Coventry City,36625,Elland Road,Gavin Ward,/en/matches/5878c137/Leeds-United-Coventry-City-September-28-2024-Championship,,5878c137
ENG-Championship,2425,2024-09-28 Middlesbrough-Stoke City,Championship,7,Sat,2024-09-28,15:00,Middlesbrough,2–0,Stoke City,24610,Riverside Stadium,Stephen Martin,/en/matches/1592fcfa/Middlesbrough-Stoke-City-September-28-2024-Championship,,1592fcfa
ENG-Championship,2425,2024-09-28 Millwall-Preston,Championship,7,Sat,2024-09-28,15:00,Millwall,3–1,Preston,13674,The Den,Darren Bond,/en/matches/597b09d3/Millwall-Preston-North-End-September-28-2024-Championship,,597b09d3
ENG-Championship,2425,2024-09-28 Oxford United-Burnley,Championship,7,Sat,2024-09-28,15:00,Oxford United,0–0,Burnley,11517,The Kassam Stadium,Robert Madley,/en/matches/75a9500f/Oxford-United-Burnley-September-28-2024-Championship,,75a9500f
ENG-Championship,2425,2024-09-28 Portsmouth-Sheffield United,Championship,7,Sat,2024-09-28,15:00,Portsmouth,0–0,Sheffield United,20330,Fratton Park,Matt Donohue,/en/matches/d8d01d42/Portsmouth-Sheffield-United-September-28-2024-Championship,,d8d01d42
ENG-Championship,2425,2024-09-28 Sheffield Weds-West Brom,Championship,7,Sat,2024-09-28,12:30,Sheffield Weds,3–2,West Brom,26308,Hillsborough Stadium,Ben Toner,/en/matches/bdad062b/Sheffield-Wednesday-West-Bromwich-Albion-September-28-2024-Championship,,bdad062b
ENG-Championship,2425,2024-09-28 Watford-Sunderland,Championship,7,Sat,2024-09-28,15:00,Watford,2–1,Sunderland,20335,Vicarage Road Stadium,Andrew Davies,/en/matches/4b6683f4/Watford-Sunderland-September-28-2024-Championship,,4b6683f4
ENG-Championship,2425,2024-09-29 Swansea City-Bristol City,Championship,7,Sun,2024-09-29,15:00,Swansea City,1–1,Bristol City,16328,Swansea.com Stadium,Joshua Smith,/en/matches/6dc67563/Swansea-City-Bristol-City-September-29-2024-Championship,,6dc67563
ENG-Championship,2425,2024-10-01 Burnley-Plymouth Argyle,Championship,8,Tue,2024-10-01,19:45,Burnley,1–0,Plymouth Argyle,18779,Turf Moor,Robert Madley,/en/matches/15e46af7/Burnley-Plymouth-Argyle-October-1-2024-Championship,,15e46af7
ENG-Championship,2425,2024-10-01 Cardiff City-Millwall,Championship,8,Tue,2024-10-01,19:45,Cardiff City,1–0,Millwall,15687,Cardiff City Stadium,Gavin Ward,/en/matches/c0cad892/Cardiff-City-Millwall-October-1-2024-Championship,,c0cad892
ENG-Championship,2425,2024-10-01 Coventry City-Blackburn,Championship,8,Tue,2024-10-01,19:45,Coventry City,3–0,Blackburn,24583,Coventry Building Society Arena,John Busby,/en/matches/05de17a9/Coventry-City-Blackburn-Rovers-October-1-2024-Championship,,05de17a9
ENG-Championship,2425,2024-10-01 Luton Town-Oxford United,Championship,8,Tue,2024-10-01,19:45,Luton Town,2–2,Oxford United,11397,Kenilworth Road Stadium,James Bell,/en/matches/ee04264d/Luton-Town-Oxford-United-October-1-2024-Championship,,ee04264d
ENG-Championship,2425,2024-10-01 Norwich City-Leeds United,Championship,8,Tue,2024-10-01,19:45,Norwich City,1–1,Leeds United,26261,Carrow Road,Stephen Martin,/en/matches/a67955c6/Norwich-City-Leeds-United-October-1-2024-Championship,,a67955c6
ENG-Championship,2425,2024-10-01 QPR-Hull City,Championship,8,Tue,2024-10-01,19:45,QPR,1–3,Hull City,13407,MATRADE Loftus Road Stadium,Thomas Kirk,/en/matches/59700177/Queens-Park-Rangers-Hull-City-October-1-2024-Championship,,59700177
ENG-Championship,2425,2024-10-01 Sunderland-Derby County,Championship,8,Tue,2024-10-01,19:45,Sunderland,2–0,Derby County,39017,Stadium of Light,Dean Whitestone,/en/matches/3a71cd8d/Sunderland-Derby-County-October-1-2024-Championship,,3a71cd8d
ENG-Championship,2425,2024-10-01 West Brom-Middlesbrough,Championship,8,Tue,2024-10-01,20:00,West Brom,0–1,Middlesbrough,23769,The Hawthorns,David Webb,/en/matches/9afc6e0a/West-Bromwich-Albion-Middlesbrough-October-1-2024-Championship,,9afc6e0a
ENG-Championship,2425,2024-10-02 Bristol City-Sheffield Weds,Championship,8,Wed,2024-10-02,20:00,Bristol City,0–0,Sheffield Weds,20293,Ashton Gate Stadium,Anthony Backhouse,/en/matches/81814d03/Bristol-City-Sheffield-Wednesday-October-2-2024-Championship,,81814d03
ENG-Championship,2425,2024-10-02 Preston-Watford,Championship,8,Wed,2024-10-02,19:45,Preston,3–0,Watford,13602,Deepdale Stadium,Andrew Kitchen,/en/matches/4f8b9672/Preston-North-End-Watford-October-2-2024-Championship,,4f8b9672
ENG-Championship,2425,2024-10-02 Sheffield United-Swansea City,Championship,8,Wed,2024-10-02,19:45,Sheffield United,1–0,Swansea City,25112,Bramall Lane,Leigh Doughty,/en/matches/84ae4d2d/Sheffield-United-Swansea-City-October-2-2024-Championship,,84ae4d2d
ENG-Championship,2425,2024-10-02 Stoke City-Portsmouth,Championship,8,Wed,2024-10-02,19:45,Stoke City,6–1,Portsmouth,20824,bet365 Stadium,Tom Nield,/en/matches/389c3828/Stoke-City-Portsmouth-October-2-2024-Championship,,389c3828
ENG-Championship,2425,2024-10-04 Sunderland-Leeds United,Championship,9,Fri,2024-10-04,20:00,Sunderland,2–2,Leeds United,41769,Stadium of Light,Tim Robinson,/en/matches/d893be3b/Sunderland-Leeds-United-October-4-2024-Championship,,d893be3b
ENG-Championship,2425,2024-10-05 Burnley-Preston,Championship,9,Sat,2024-10-05,12:30,Burnley,0–0,Preston,20816,Turf Moor,Gavin Ward,/en/matches/b25d1811/Burnley-Preston-North-End-October-5-2024-Championship,,b25d1811
ENG-Championship,2425,2024-10-05 Coventry City-Sheffield Weds,Championship,9,Sat,2024-10-05,15:00,Coventry City,1–2,Sheffield Weds,28671,Coventry Building Society Arena,Dean Whitestone,/en/matches/cc42dab5/Coventry-City-Sheffield-Wednesday-October-5-2024-Championship,,cc42dab5
ENG-Championship,2425,2024-10-05 Derby County-QPR,Championship,9,Sat,2024-10-05,15:00,Derby County,2–0,QPR,29305,Pride Park Stadium,David Webb,/en/matches/efe76973/Derby-County-Queens-Park-Rangers-October-5-2024-Championship,,efe76973
ENG-Championship,2425,2024-10-05 Norwich City-Hull City,Championship,9,Sat,2024-10-05,12:30,Norwich City,4–0,Hull City,26326,Carrow Road,Tom Nield,/en/matches/cb90822e/Norwich-City-Hull-City-October-5-2024-Championship,,cb90822e
ENG-Championship,2425,2024-10-05 Plymouth Argyle-Blackburn,Championship,9,Sat,2024-10-05,15:00,Plymouth Argyle,2–1,Blackburn,16635,Home Park,James Linington,/en/matches/097ffcdc/Plymouth-Argyle-Blackburn-Rovers-October-5-2024-Championship,,097ffcdc
ENG-Championship,2425,2024-10-05 Portsmouth-Oxford United,Championship,9,Sat,2024-10-05,12:30,Portsmouth,1–1,Oxford United,20125,Fratton Park,Lewis Smith,/en/matches/b3c3fb52/Portsmouth-Oxford-United-October-5-2024-Championship,,b3c3fb52
ENG-Championship,2425,2024-10-05 Sheffield United-Luton Town,Championship,9,Sat,2024-10-05,15:00,Sheffield United,2–0,Luton Town,27925,Bramall Lane,John Brooks,/en/matches/2ad57659/Sheffield-United-Luton-Town-October-5-2024-Championship,,2ad57659
ENG-Championship,2425,2024-10-05 Swansea City-Stoke City,Championship,9,Sat,2024-10-05,15:00,Swansea City,0–0,Stoke City,14546,Swansea.com Stadium,Andrew Davies,/en/matches/2b1d0c9c/Swansea-City-Stoke-City-October-5-2024-Championship,,2b1d0c9c
ENG-Championship,2425,2024-10-05 Watford-Middlesbrough,Championship,9,Sat,2024-10-05,15:00,Watford,2–1,Middlesbrough,20002,Vicarage Road Stadium,Matt Donohue,/en/matches/ee17be41/Watford-Middlesbrough-October-5-2024-Championship,,ee17be41
ENG-Championship,2425,2024-10-05 West Brom-Millwall,Championship,9,Sat,2024-10-05,15:00,West Brom,0–0,Millwall,24158,The Hawthorns,Will Finnie,/en/matches/c3ecef59/West-Bromwich-Albion-Millwall-October-5-2024-Championship,,c3ecef59
ENG-Championship,2425,2024-10-06 Bristol City-Cardiff City,Championship,9,Sun,2024-10-06,15:00,Bristol City,1–1,Cardiff City,22664,Ashton Gate Stadium,Robert Madley,/en/matches/c80518e2/Bristol-City-Cardiff-City-October-6-2024-Championship,,c80518e2
ENG-Championship,2425,2024-10-18 Leeds United-Sheffield United,Championship,10,Fri,2024-10-18,20:00,Leeds United,2–0,Sheffield United,36695,Elland Road,Lewis Smith,/en/matches/5f025982/Leeds-United-Sheffield-United-October-18-2024-Championship,,5f025982
ENG-Championship,2425,2024-10-19 Blackburn-Swansea City,Championship,10,Sat,2024-10-19,15:00,Blackburn,1–0,Swansea City,13550,Ewood Park,David Webb,/en/matches/5c05d9e2/Blackburn-Rovers-Swansea-City-October-19-2024-Championship,,5c05d9e2
ENG-Championship,2425,2024-10-19 Cardiff City-Plymouth Argyle,Championship,10,Sat,2024-10-19,12:30,Cardiff City,5–0,Plymouth Argyle,20634,Cardiff City Stadium,Andrew Kitchen,/en/matches/fdda86b0/Cardiff-City-Plymouth-Argyle-October-19-2024-Championship,,fdda86b0
ENG-Championship,2425,2024-10-19 Luton Town-Watford,Championship,10,Sat,2024-10-19,12:30,Luton Town,3–0,Watford,11758,Kenilworth Road Stadium,Stephen Martin,/en/matches/bdfb6a22/Luton-Town-Watford-October-19-2024-Championship,,bdfb6a22
ENG-Championship,2425,2024-10-19 Middlesbrough-Bristol City,Championship,10,Sat,2024-10-19,15:00,Middlesbrough,0–2,Bristol City,24438,Riverside Stadium,Samuel Allison,/en/matches/e0813f05/Middlesbrough-Bristol-City-October-19-2024-Championship,,e0813f05
ENG-Championship,2425,2024-10-19 Millwall-Derby County,Championship,10,Sat,2024-10-19,15:00,Millwall,1–1,Derby County,17321,The Den,Stuart Attwell,/en/matches/63eae343/Millwall-Derby-County-October-19-2024-Championship,,63eae343
ENG-Championship,2425,2024-10-19 Oxford United-West Brom,Championship,10,Sat,2024-10-19,12:30,Oxford United,1–1,West Brom,11453,The Kassam Stadium,Leigh Doughty,/en/matches/3c430fad/Oxford-United-West-Bromwich-Albion-October-19-2024-Championship,,3c430fad
ENG-Championship,2425,2024-10-19 Preston-Coventry City,Championship,10,Sat,2024-10-19,12:30,Preston,1–0,Coventry City,15907,Deepdale Stadium,Joshua Smith,/en/matches/078a8d15/Preston-North-End-Coventry-City-October-19-2024-Championship,,078a8d15
ENG-Championship,2425,2024-10-19 QPR-Portsmouth,Championship,10,Sat,2024-10-19,15:00,QPR,1–2,Portsmouth,17438,MATRADE Loftus Road Stadium,James Linington,/en/matches/a3a93f3c/Queens-Park-Rangers-Portsmouth-October-19-2024-Championship,,a3a93f3c
ENG-Championship,2425,2024-10-19 Sheffield Weds-Burnley,Championship,10,Sat,2024-10-19,15:00,Sheffield Weds,0–2,Burnley,28105,Hillsborough Stadium,Michael Salisbury,/en/matches/71349150/Sheffield-Wednesday-Burnley-October-19-2024-Championship,,71349150
ENG-Championship,2425,2024-10-19 Stoke City-Norwich City,Championship,10,Sat,2024-10-19,15:00,Stoke City,1–1,Norwich City,23002,bet365 Stadium,Anthony Backhouse,/en/matches/66b6fdb2/Stoke-City-Norwich-City-October-19-2024-Championship,,66b6fdb2
ENG-Championship,2425,2024-10-20 Hull City-Sunderland,Championship,10,Sun,2024-10-20,15:00,Hull City,0–1,Sunderland,23072,MKM Stadium,Robert Madley,/en/matches/1663864f/Hull-City-Sunderland-October-20-2024-Championship,,1663864f
ENG-Championship,2425,2024-10-22 Cardiff City-Portsmouth,Championship,11,Tue,2024-10-22,19:45,Cardiff City,2–0,Portsmouth,18534,Cardiff City Stadium,Oliver Langford,/en/matches/b54f51be/Cardiff-City-Portsmouth-October-22-2024-Championship,,b54f51be
ENG-Championship,2425,2024-10-22 Leeds United-Watford,Championship,11,Tue,2024-10-22,19:45,Leeds United,2–1,Watford,34968,Elland Road,Anthony Backhouse,/en/matches/2125576d/Leeds-United-Watford-October-22-2024-Championship,,2125576d
ENG-Championship,2425,2024-10-22 Oxford United-Derby County,Championship,11,Tue,2024-10-22,19:45,Oxford United,1–1,Derby County,11423,The Kassam Stadium,Gavin Ward,/en/matches/e4b76915/Oxford-United-Derby-County-October-22-2024-Championship,,e4b76915
ENG-Championship,2425,2024-10-22 Preston-Norwich City,Championship,11,Tue,2024-10-22,19:45,Preston,2–2,Norwich City,13677,Deepdale Stadium,Will Finnie,/en/matches/4ffe09d7/Preston-North-End-Norwich-City-October-22-2024-Championship,,4ffe09d7
ENG-Championship,2425,2024-10-22 QPR-Coventry City,Championship,11,Tue,2024-10-22,20:00,QPR,1–1,Coventry City,14173,MATRADE Loftus Road Stadium,James Bell,/en/matches/7a4d13fc/Queens-Park-Rangers-Coventry-City-October-22-2024-Championship,,7a4d13fc
ENG-Championship,2425,2024-10-22 Sheffield Weds-Swansea City,Championship,11,Tue,2024-10-22,19:45,Sheffield Weds,0–0,Swansea City,22452,Hillsborough Stadium,Matt Donohue,/en/matches/a3c253b7/Sheffield-Wednesday-Swansea-City-October-22-2024-Championship,,a3c253b7
ENG-Championship,2425,2024-10-22 Stoke City-Bristol City,Championship,11,Tue,2024-10-22,19:45,Stoke City,2–2,Bristol City,19679,bet365 Stadium,David Webb,/en/matches/fdd55c49/Stoke-City-Bristol-City-October-22-2024-Championship,,fdd55c49
ENG-Championship,2425,2024-10-23 Blackburn-West Brom,Championship,11,Wed,2024-10-23,19:45,Blackburn,0–0,West Brom,13647,Ewood Park,John Busby,/en/matches/ec61f7ad/Blackburn-Rovers-West-Bromwich-Albion-October-23-2024-Championship,,ec61f7ad
ENG-Championship,2425,2024-10-23 Hull City-Burnley,Championship,11,Wed,2024-10-23,19:45,Hull City,1–1,Burnley,20168,MKM Stadium,Dean Whitestone,/en/matches/8f6e9889/Hull-City-Burnley-October-23-2024-Championship,,8f6e9889
ENG-Championship,2425,2024-10-23 Luton Town-Sunderland,Championship,11,Wed,2024-10-23,19:45,Luton Town,1–2,Sunderland,11332,Kenilworth Road Stadium,Tom Nield,/en/matches/b2475a0d/Luton-Town-Sunderland-October-23-2024-Championship,,b2475a0d
ENG-Championship,2425,2024-10-23 Middlesbrough-Sheffield United,Championship,11,Wed,2024-10-23,20:00,Middlesbrough,1–0,Sheffield United,24303,Riverside Stadium,Andrew Davies,/en/matches/8cef1a6f/Middlesbrough-Sheffield-United-October-23-2024-Championship,,8cef1a6f
ENG-Championship,2425,2024-10-23 Millwall-Plymouth Argyle,Championship,11,Wed,2024-10-23,19:45,Millwall,1–0,Plymouth Argyle,13954,The Den,Samuel Allison,/en/matches/36fd56f6/Millwall-Plymouth-Argyle-October-23-2024-Championship,,36fd56f6
ENG-Championship,2425,2024-10-25 Portsmouth-Sheffield Weds,Championship,12,Fri,2024-10-25,20:00,Portsmouth,1–2,Sheffield Weds,20262,Fratton Park,Tim Robinson,/en/matches/ec79c9ed/Portsmouth-Sheffield-Wednesday-October-25-2024-Championship,,ec79c9ed
ENG-Championship,2425,2024-10-26 Bristol City-Leeds United,Championship,12,Sat,2024-10-26,12:30,Bristol City,0–0,Leeds United,25283,Ashton Gate Stadium,James Linington,/en/matches/29734951/Bristol-City-Leeds-United-October-26-2024-Championship,,29734951
ENG-Championship,2425,2024-10-26 Burnley-QPR,Championship,12,Sat,2024-10-26,15:00,Burnley,0–0,QPR,19187,Turf Moor,Andrew Kitchen,/en/matches/c59beda8/Burnley-Queens-Park-Rangers-October-26-2024-Championship,,c59beda8
ENG-Championship,2425,2024-10-26 Coventry City-Luton Town,Championship,12,Sat,2024-10-26,12:30,Coventry City,3–2,Luton Town,26409,Coventry Building Society Arena,Robert Madley,/en/matches/2d3fb4b3/Coventry-City-Luton-Town-October-26-2024-Championship,,2d3fb4b3
ENG-Championship,2425,2024-10-26 Derby County-Hull City,Championship,12,Sat,2024-10-26,15:00,Derby County,1–1,Hull City,29877,Pride Park Stadium,Tom Nield,/en/matches/fdf11982/Derby-County-Hull-City-October-26-2024-Championship,,fdf11982
ENG-Championship,2425,2024-10-26 Plymouth Argyle-Preston,Championship,12,Sat,2024-10-26,15:00,Plymouth Argyle,3–3,Preston,16443,Home Park,Andrew Davies,/en/matches/ce15e1fd/Plymouth-Argyle-Preston-North-End-October-26-2024-Championship,,ce15e1fd
ENG-Championship,2425,2024-10-26 Sheffield United-Stoke City,Championship,12,Sat,2024-10-26,15:00,Sheffield United,2–0,Stoke City,28575,Bramall Lane,Ben Toner,/en/matches/b521d7f8/Sheffield-United-Stoke-City-October-26-2024-Championship,,b521d7f8
ENG-Championship,2425,2024-10-26 Sunderland-Oxford United,Championship,12,Sat,2024-10-26,15:00,Sunderland,2–0,Oxford United,40654,Stadium of Light,Oliver Langford,/en/matches/da73045d/Sunderland-Oxford-United-October-26-2024-Championship,,da73045d
ENG-Championship,2425,2024-10-26 Swansea City-Millwall,Championship,12,Sat,2024-10-26,15:00,Swansea City,0–1,Millwall,15119,Swansea.com Stadium,John Busby,/en/matches/b2383efd/Swansea-City-Millwall-October-26-2024-Championship,,b2383efd
ENG-Championship,2425,2024-10-26 Watford-Blackburn,Championship,12,Sat,2024-10-26,12:30,Watford,1–0,Blackburn,18880,Vicarage Road Stadium,Darren England,/en/matches/cc9c1708/Watford-Blackburn-Rovers-October-26-2024-Championship,,cc9c1708
ENG-Championship,2425,2024-10-26 West Brom-Cardiff City,Championship,12,Sat,2024-10-26,15:00,West Brom,0–0,Cardiff City,25312,The Hawthorns,Joshua Smith,/en/matches/7ca6685d/West-Bromwich-Albion-Cardiff-City-October-26-2024-Championship,,7ca6685d
ENG-Championship,2425,2024-10-27 Norwich City-Middlesbrough,Championship,12,Sun,2024-10-27,15:00 (16:00),Norwich City,3–3,Middlesbrough,26487,Carrow Road,James Bell,/en/matches/b8078d8b/Norwich-City-Middlesbrough-October-27-2024-Championship,,b8078d8b
ENG-Championship,2425,2024-11-01 Luton Town-West Brom,Championship,13,Fri,2024-11-01,20:00 (21:00),Luton Town,1–1,West Brom,11665,Kenilworth Road Stadium,Dean Whitestone,/en/matches/d6f7615c/Luton-Town-West-Bromwich-Albion-November-1-2024-Championship,,d6f7615c
ENG-Championship,2425,2024-11-02 Blackburn-Sheffield United,Championship,13,Sat,2024-11-02,12:30 (13:30),Blackburn,0–2,Sheffield United,16810,Ewood Park,Oliver Langford,/en/matches/9ae712b2/Blackburn-Rovers-Sheffield-United-November-2-2024-Championship,,9ae712b2
ENG-Championship,2425,2024-11-02 Cardiff City-Norwich City,Championship,13,Sat,2024-11-02,15:00 (16:00),Cardiff City,2–1,Norwich City,19032,Cardiff City Stadium,Lewis Smith,/en/matches/331e188b/Cardiff-City-Norwich-City-November-2-2024-Championship,,331e188b
ENG-Championship,2425,2024-11-02 Hull City-Portsmouth,Championship,13,Sat,2024-11-02,15:00 (16:00),Hull City,1–1,Portsmouth,21904,MKM Stadium,Anthony Backhouse,/en/matches/a50bc6db/Hull-City-Portsmouth-November-2-2024-Championship,,a50bc6db
ENG-Championship,2425,2024-11-02 Leeds United-Plymouth Argyle,Championship,13,Sat,2024-11-02,15:00 (16:00),Leeds United,3–0,Plymouth Argyle,36066,Elland Road,David Webb,/en/matches/c46862e8/Leeds-United-Plymouth-Argyle-November-2-2024-Championship,,c46862e8
ENG-Championship,2425,2024-11-02 Middlesbrough-Coventry City,Championship,13,Sat,2024-11-02,15:00 (16:00),Middlesbrough,0–3,Coventry City,24921,Riverside Stadium,Thomas Bramall,/en/matches/d65f705a/Middlesbrough-Coventry-City-November-2-2024-Championship,,d65f705a
ENG-Championship,2425,2024-11-02 Oxford United-Swansea City,Championship,13,Sat,2024-11-02,12:30 (13:30),Oxford United,1–2,Swansea City,11454,The Kassam Stadium,Michael Salisbury,/en/matches/15e1a067/Oxford-United-Swansea-City-November-2-2024-Championship,,15e1a067
ENG-Championship,2425,2024-11-02 Preston-Bristol City,Championship,13,Sat,2024-11-02,15:00 (16:00),Preston,1–3,Bristol City,14261,Deepdale Stadium,Tom Nield,/en/matches/a92a4e36/Preston-North-End-Bristol-City-November-2-2024-Championship,,a92a4e36
ENG-Championship,2425,2024-11-02 QPR-Sunderland,Championship,13,Sat,2024-11-02,15:00 (16:00),QPR,0–0,Sunderland,16754,MATRADE Loftus Road Stadium,Ben Toner,/en/matches/ed5ce326/Queens-Park-Rangers-Sunderland-November-2-2024-Championship,,ed5ce326
ENG-Championship,2425,2024-11-02 Sheffield Weds-Watford,Championship,13,Sat,2024-11-02,15:00 (16:00),Sheffield Weds,2–6,Watford,25693,Hillsborough Stadium,Samuel Allison,/en/matches/5724c63e/Sheffield-Wednesday-Watford-November-2-2024-Championship,,5724c63e
ENG-Championship,2425,2024-11-02 Stoke City-Derby County,Championship,13,Sat,2024-11-02,12:30 (13:30),Stoke City,2–1,Derby County,24511,bet365 Stadium,Joshua Smith,/en/matches/6512ad6f/Stoke-City-Derby-County-November-2-2024-Championship,,6512ad6f
ENG-Championship,2425,2024-11-03 Millwall-Burnley,Championship,13,Sun,2024-11-03,15:00 (16:00),Millwall,1–0,Burnley,14245,The Den,Gavin Ward,/en/matches/d3ddeada/Millwall-Burnley-November-3-2024-Championship,,d3ddeada
ENG-Championship,2425,2024-11-05 Bristol City-Sheffield United,Championship,14,Tue,2024-11-05,19:45 (20:45),Bristol City,1–2,Sheffield United,18736,Ashton Gate Stadium,John Busby,/en/matches/a07d7a8e/Bristol-City-Sheffield-United-November-5-2024-Championship,,a07d7a8e
ENG-Championship,2425,2024-11-05 Oxford United-Hull City,Championship,14,Tue,2024-11-05,19:45 (20:45),Oxford United,1–0,Hull City,10213,The Kassam Stadium,Will Finnie,/en/matches/eaf5cd97/Oxford-United-Hull-City-November-5-2024-Championship,,eaf5cd97
ENG-Championship,2425,2024-11-05 Plymouth Argyle-Portsmouth,Championship,14,Tue,2024-11-05,20:00 (21:00),Plymouth Argyle,1–0,Portsmouth,16647,Home Park,James Bell,/en/matches/953c4971/Plymouth-Argyle-Portsmouth-November-5-2024-Championship,,953c4971
ENG-Championship,2425,2024-11-05 QPR-Middlesbrough,Championship,14,Tue,2024-11-05,19:45 (20:45),QPR,1–4,Middlesbrough,14054,MATRADE Loftus Road Stadium,Oliver Langford,/en/matches/fe832864/Queens-Park-Rangers-Middlesbrough-November-5-2024-Championship,,fe832864
ENG-Championship,2425,2024-11-05 Sheffield Weds-Norwich City,Championship,14,Tue,2024-11-05,19:45 (20:45),Sheffield Weds,2–0,Norwich City,22731,Hillsborough Stadium,Stephen Martin,/en/matches/29df15a5/Sheffield-Wednesday-Norwich-City-November-5-2024-Championship,,29df15a5
ENG-Championship,2425,2024-11-05 Swansea City-Watford,Championship,14,Tue,2024-11-05,20:00 (21:00),Swansea City,1–0,Watford,12869,Swansea.com Stadium,Joshua Smith,/en/matches/22eb30ed/Swansea-City-Watford-November-5-2024-Championship,,22eb30ed
ENG-Championship,2425,2024-11-06 Blackburn-Stoke City,Championship,14,Wed,2024-11-06,19:45 (20:45),Blackburn,0–2,Stoke City,13144,Ewood Park,Andrew Davies,/en/matches/df8b3ccd/Blackburn-Rovers-Stoke-City-November-6-2024-Championship,,df8b3ccd
ENG-Championship,2425,2024-11-06 Coventry City-Derby County,Championship,14,Wed,2024-11-06,19:45 (20:45),Coventry City,1–2,Derby County,27243,Coventry Building Society Arena,Samuel Allison,/en/matches/7d54dd3e/Coventry-City-Derby-County-November-6-2024-Championship,,7d54dd3e
ENG-Championship,2425,2024-11-06 Luton Town-Cardiff City,Championship,14,Wed,2024-11-06,20:00 (21:00),Luton Town,1–0,Cardiff City,10656,Kenilworth Road Stadium,Matt Donohue,/en/matches/49939421/Luton-Town-Cardiff-City-November-6-2024-Championship,,49939421
ENG-Championship,2425,2024-11-06 Millwall-Leeds United,Championship,14,Wed,2024-11-06,19:45 (20:45),Millwall,1–0,Leeds United,16693,The Den,Leigh Doughty,/en/matches/8b9a8fba/Millwall-Leeds-United-November-6-2024-Championship,,8b9a8fba
ENG-Championship,2425,2024-11-06 Preston-Sunderland,Championship,14,Wed,2024-11-06,20:00 (21:00),Preston,0–0,Sunderland,18064,Deepdale Stadium,Lewis Smith,/en/matches/d71db0bd/Preston-North-End-Sunderland-November-6-2024-Championship,,d71db0bd
ENG-Championship,2425,2024-11-07 West Brom-Burnley,Championship,14,Thu,2024-11-07,20:00 (21:00),West Brom,0–0,Burnley,23443,The Hawthorns,Tom Nield,/en/matches/ad67dd64/West-Bromwich-Albion-Burnley-November-7-2024-Championship,,ad67dd64
ENG-Championship,2425,2024-11-08 Watford-Oxford United,Championship,15,Fri,2024-11-08,20:00 (21:00),Watford,1–0,Oxford United,20268,Vicarage Road Stadium,Anthony Backhouse,/en/matches/92f63f8c/Watford-Oxford-United-November-8-2024-Championship,,92f63f8c
ENG-Championship,2425,2024-11-09 Cardiff City-Blackburn,Championship,15,Sat,2024-11-09,12:30 (13:30),Cardiff City,1–3,Blackburn,17188,Cardiff City Stadium,Gavin Ward,/en/matches/65d87a4a/Cardiff-City-Blackburn-Rovers-November-9-2024-Championship,,65d87a4a
ENG-Championship,2425,2024-11-09 Derby County-Plymouth Argyle,Championship,15,Sat,2024-11-09,15:00 (16:00),Derby County,1–1,Plymouth Argyle,29652,Pride Park Stadium,Simon Hooper,/en/matches/693e7a3b/Derby-County-Plymouth-Argyle-November-9-2024-Championship,,693e7a3b
ENG-Championship,2425,2024-11-09 Leeds United-QPR,Championship,15,Sat,2024-11-09,15:00 (16:00),Leeds United,2–0,QPR,36011,Elland Road,Matt Donohue,/en/matches/636ca36b/Leeds-United-Queens-Park-Rangers-November-9-2024-Championship,,636ca36b
ENG-Championship,2425,2024-11-09 Middlesbrough-Luton Town,Championship,15,Sat,2024-11-09,12:30 (13:30),Middlesbrough,5–1,Luton Town,23692,Riverside Stadium,Tony Harrington,/en/matches/cb4638bf/Middlesbrough-Luton-Town-November-9-2024-Championship,,cb4638bf
ENG-Championship,2425,2024-11-09 Norwich City-Bristol City,Championship,15,Sat,2024-11-09,15:00 (16:00),Norwich City,0–2,Bristol City,26423,Carrow Road,Farai Hallam,/en/matches/738708a0/Norwich-City-Bristol-City-November-9-2024-Championship,,738708a0
ENG-Championship,2425,2024-11-09 Portsmouth-Preston,Championship,15,Sat,2024-11-09,15:00 (16:00),Portsmouth,3–1,Preston,20295,Fratton Park,John Busby,/en/matches/16ceac84/Portsmouth-Preston-North-End-November-9-2024-Championship,,16ceac84
ENG-Championship,2425,2024-11-09 Stoke City-Millwall,Championship,15,Sat,2024-11-09,12:30 (13:30),Stoke City,1–1,Millwall,21060,bet365 Stadium,Will Finnie,/en/matches/7b5755e7/Stoke-City-Millwall-November-9-2024-Championship,,7b5755e7
ENG-Championship,2425,2024-11-09 Sunderland-Coventry City,Championship,15,Sat,2024-11-09,15:00 (16:00),Sunderland,2–2,Coventry City,43374,Stadium of Light,Leigh Doughty,/en/matches/7eb39ed1/Sunderland-Coventry-City-November-9-2024-Championship,,7eb39ed1
ENG-Championship,2425,2024-11-10 Burnley-Swansea City,Championship,15,Sun,2024-11-10,15:00 (16:00),Burnley,1–0,Swansea City,18717,Turf Moor,David Webb,/en/matches/edd3c1f8/Burnley-Swansea-City-November-10-2024-Championship,,edd3c1f8
ENG-Championship,2425,2024-11-10 Hull City-West Brom,Championship,15,Sun,2024-11-10,13:00 (14:00),Hull City,1–2,West Brom,20538,MKM Stadium,Andrew Kitchen,/en/matches/3eb7119d/Hull-City-West-Bromwich-Albion-November-10-2024-Championship,,3eb7119d
ENG-Championship,2425,2024-11-10 Sheffield United-Sheffield Weds,Championship,15,Sun,2024-11-10,12:30 (13:30),Sheffield United,1–0,Sheffield Weds,31127,Bramall Lane,Lewis Smith,/en/matches/89aa3552/Sheffield-United-Sheffield-Wednesday-November-10-2024-Championship,,89aa3552
ENG-Championship,2425,2024-11-22 Plymouth Argyle-Watford,Championship,16,Fri,2024-11-22,20:00 (21:00),Plymouth Argyle,2–2,Watford,16400,Home Park,Andrew Davies,/en/matches/e5b4b14e/Plymouth-Argyle-Watford-November-22-2024-Championship,,e5b4b14e
ENG-Championship,2425,2024-11-23 Bristol City-Burnley,Championship,16,Sat,2024-11-23,12:30 (13:30),Bristol City,0–1,Burnley,20800,Ashton Gate Stadium,Robert Madley,/en/matches/d13c4fcb/Bristol-City-Burnley-November-23-2024-Championship,,d13c4fcb
ENG-Championship,2425,2024-11-23 Coventry City-Sheffield United,Championship,16,Sat,2024-11-23,12:30 (13:30),Coventry City,2–2,Sheffield United,28057,Coventry Building Society Arena,Darren Bond,/en/matches/5268fe49/Coventry-City-Sheffield-United-November-23-2024-Championship,,5268fe49
ENG-Championship,2425,2024-11-23 Luton Town-Hull City,Championship,16,Sat,2024-11-23,15:00 (16:00),Luton Town,1–0,Hull City,11386,Kenilworth Road Stadium,Thomas Bramall,/en/matches/048593c6/Luton-Town-Hull-City-November-23-2024-Championship,,048593c6
ENG-Championship,2425,2024-11-23 Millwall-Sunderland,Championship,16,Sat,2024-11-23,15:00 (16:00),Millwall,1–1,Sunderland,18385,The Den,John Busby,/en/matches/22c4db48/Millwall-Sunderland-November-23-2024-Championship,,22c4db48
ENG-Championship,2425,2024-11-23 Oxford United-Middlesbrough,Championship,16,Sat,2024-11-23,15:00 (16:00),Oxford United,2–6,Middlesbrough,11442,The Kassam Stadium,Joshua Smith,/en/matches/ed18cac7/Oxford-United-Middlesbrough-November-23-2024-Championship,,ed18cac7
ENG-Championship,2425,2024-11-23 Preston-Derby County,Championship,16,Sat,2024-11-23,15:00 (16:00),Preston,1–1,Derby County,16646,Deepdale Stadium,David Webb,/en/matches/7deb4475/Preston-North-End-Derby-County-November-23-2024-Championship,,7deb4475
ENG-Championship,2425,2024-11-23 QPR-Stoke City,Championship,16,Sat,2024-11-23,15:00 (16:00),QPR,1–1,Stoke City,15688,MATRADE Loftus Road Stadium,Gavin Ward,/en/matches/fcc57ad4/Queens-Park-Rangers-Stoke-City-November-23-2024-Championship,,fcc57ad4
ENG-Championship,2425,2024-11-23 Sheffield Weds-Cardiff City,Championship,16,Sat,2024-11-23,12:30 (13:30),Sheffield Weds,1–1,Cardiff City,23974,Hillsborough Stadium,Andrew Kitchen,/en/matches/a30accf8/Sheffield-Wednesday-Cardiff-City-November-23-2024-Championship,,a30accf8
ENG-Championship,2425,2024-11-23 West Brom-Norwich City,Championship,16,Sat,2024-11-23,15:00 (16:00),West Brom,2–2,Norwich City,25673,The Hawthorns,Lewis Smith,/en/matches/20144329/West-Bromwich-Albion-Norwich-City-November-23-2024-Championship,,20144329
ENG-Championship,2425,2024-11-24 Swansea City-Leeds United,Championship,16,Sun,2024-11-24,15:00 (16:00),Swansea City,3–4,Leeds United,17125,Swansea.com Stadium,Dean Whitestone,/en/matches/2de1c7be/Swansea-City-Leeds-United-November-24-2024-Championship,,2de1c7be
ENG-Championship,2425,2024-11-26 Burnley-Coventry City,Championship,17,Tue,2024-11-26,19:45 (20:45),Burnley,2–0,Coventry City,18293,Turf Moor,Anthony Backhouse,/en/matches/f79d2555/Burnley-Coventry-City-November-26-2024-Championship,,f79d2555
ENG-Championship,2425,2024-11-26 Hull City-Sheffield Weds,Championship,17,Tue,2024-11-26,19:45 (20:45),Hull City,0–2,Sheffield Weds,21297,MKM Stadium,Oliver Langford,/en/matches/258e60bf/Hull-City-Sheffield-Wednesday-November-26-2024-Championship,,258e60bf
ENG-Championship,2425,2024-11-26 Norwich City-Plymouth Argyle,Championship,17,Tue,2024-11-26,19:45 (20:45),Norwich City,6–1,Plymouth Argyle,25893,Carrow Road,Sunny Gill,/en/matches/279aacc3/Norwich-City-Plymouth-Argyle-November-26-2024-Championship,,279aacc3
ENG-Championship,2425,2024-11-26 Sheffield United-Oxford United,Championship,17,Tue,2024-11-26,19:45 (20:45),Sheffield United,3–0,Oxford United,25574,Bramall Lane,Leigh Doughty,/en/matches/c4d51048/Sheffield-United-Oxford-United-November-26-2024-Championship,,c4d51048
ENG-Championship,2425,2024-11-26 Stoke City-Preston,Championship,17,Tue,2024-11-26,19:45 (20:45),Stoke City,0–0,Preston,19805,bet365 Stadium,Matt Donohue,/en/matches/a97d0c2c/Stoke-City-Preston-North-End-November-26-2024-Championship,,a97d0c2c
ENG-Championship,2425,2024-11-26 Sunderland-West Brom,Championship,17,Tue,2024-11-26,20:00 (21:00),Sunderland,0–0,West Brom,36733,Stadium of Light,Robert Madley,/en/matches/bef97610/Sunderland-West-Bromwich-Albion-November-26-2024-Championship,,bef97610
ENG-Championship,2425,2024-11-26 Watford-Bristol City,Championship,17,Tue,2024-11-26,19:45 (20:45),Watford,1–0,Bristol City,17579,Vicarage Road Stadium,James Linington,/en/matches/6d224963/Watford-Bristol-City-November-26-2024-Championship,,6d224963
ENG-Championship,2425,2024-11-27 Cardiff City-QPR,Championship,17,Wed,2024-11-27,19:45 (20:45),Cardiff City,0–2,QPR,16205,Cardiff City Stadium,Stephen Martin,/en/matches/32d56228/Cardiff-City-Queens-Park-Rangers-November-27-2024-Championship,,32d56228
ENG-Championship,2425,2024-11-27 Derby County-Swansea City,Championship,17,Wed,2024-11-27,20:00 (21:00),Derby County,1–2,Swansea City,25141,Pride Park Stadium,Ben Toner,/en/matches/2c44769b/Derby-County-Swansea-City-November-27-2024-Championship,,2c44769b
ENG-Championship,2425,2024-11-27 Leeds United-Luton Town,Championship,17,Wed,2024-11-27,19:45 (20:45),Leeds United,3–0,Luton Town,35340,Elland Road,Samuel Allison,/en/matches/64c1c03d/Leeds-United-Luton-Town-November-27-2024-Championship,,64c1c03d
ENG-Championship,2425,2024-11-27 Middlesbrough-Blackburn,Championship,17,Wed,2024-11-27,19:45 (20:45),Middlesbrough,0–1,Blackburn,22751,Riverside Stadium,James Bell,/en/matches/cd0b5197/Middlesbrough-Blackburn-Rovers-November-27-2024-Championship,,cd0b5197
ENG-Championship,2425,2024-11-29 Sheffield United-Sunderland,Championship,18,Fri,2024-11-29,20:00 (21:00),Sheffield United,1–0,Sunderland,28465,Bramall Lane,Gavin Ward,/en/matches/9b5f9a05/Sheffield-United-Sunderland-November-29-2024-Championship,,9b5f9a05
ENG-Championship,2425,2024-11-30 Blackburn-Leeds United,Championship,18,Sat,2024-11-30,13:30 (14:30),Blackburn,1–0,Leeds United,21942,Ewood Park,Lewis Smith,/en/matches/7639346b/Blackburn-Rovers-Leeds-United-November-30-2024-Championship,,7639346b
ENG-Championship,2425,2024-11-30 Bristol City-Plymouth Argyle,Championship,18,Sat,2024-11-30,15:00 (16:00),Bristol City,4–0,Plymouth Argyle,24317,Ashton Gate Stadium,Tim Robinson,/en/matches/98b613b5/Bristol-City-Plymouth-Argyle-November-30-2024-Championship,,98b613b5
ENG-Championship,2425,2024-11-30 Coventry City-Cardiff City,Championship,18,Sat,2024-11-30,15:00 (16:00),Coventry City,2–2,Cardiff City,27137,Coventry Building Society Arena,James Bell,/en/matches/97a98dcb/Coventry-City-Cardiff-City-November-30-2024-Championship,,97a98dcb
ENG-Championship,2425,2024-11-30 Middlesbrough-Hull City,Championship,18,Sat,2024-11-30,12:30 (13:30),Middlesbrough,3–1,Hull City,24121,Riverside Stadium,Stephen Martin,/en/matches/dfbf361d/Middlesbrough-Hull-City-November-30-2024-Championship,,dfbf361d
ENG-Championship,2425,2024-11-30 Norwich City-Luton Town,Championship,18,Sat,2024-11-30,15:00 (16:00),Norwich City,4–2,Luton Town,26719,Carrow Road,Joshua Smith,/en/matches/1072a6ef/Norwich-City-Luton-Town-November-30-2024-Championship,,1072a6ef
ENG-Championship,2425,2024-11-30 Oxford United-Millwall,Championship,18,Sat,2024-11-30,12:30 (13:30),Oxford United,1–1,Millwall,10990,The Kassam Stadium,Anthony Backhouse,/en/matches/e4b2993a/Oxford-United-Millwall-November-30-2024-Championship,,e4b2993a
ENG-Championship,2425,2024-11-30 Preston-West Brom,Championship,18,Sat,2024-11-30,15:00 (16:00),Preston,1–1,West Brom,16124,Deepdale Stadium,Thomas Bramall,/en/matches/bac18c34/Preston-North-End-West-Bromwich-Albion-November-30-2024-Championship,,bac18c34
ENG-Championship,2425,2024-11-30 Stoke City-Burnley,Championship,18,Sat,2024-11-30,15:00 (16:00),Stoke City,0–2,Burnley,22994,bet365 Stadium,Oliver Langford,/en/matches/65e74ac5/Stoke-City-Burnley-November-30-2024-Championship,,65e74ac5
ENG-Championship,2425,2024-11-30 Swansea City-Portsmouth,Championship,18,Sat,2024-11-30,15:00 (16:00),Swansea City,2–2,Portsmouth,15404,Swansea.com Stadium,Will Finnie,/en/matches/a514142e/Swansea-City-Portsmouth-November-30-2024-Championship,,a514142e
ENG-Championship,2425,2024-11-30 Watford-QPR,Championship,18,Sat,2024-11-30,12:30 (13:30),Watford,0–0,QPR,20413,Vicarage Road Stadium,Andrew Kitchen,/en/matches/98a1f8bf/Watford-Queens-Park-Rangers-November-30-2024-Championship,,98a1f8bf
ENG-Championship,2425,2024-12-01 Derby County-Sheffield Weds,Championship,18,Sun,2024-12-01,15:00 (16:00),Derby County,1–2,Sheffield Weds,29212,Pride Park Stadium,John Busby,/en/matches/ab2b1ab2/Derby-County-Sheffield-Wednesday-December-1-2024-Championship,,ab2b1ab2
ENG-Championship,2425,2024-12-06 Burnley-Middlesbrough,Championship,19,Fri,2024-12-06,20:00 (21:00),Burnley,1–1,Middlesbrough,20543,Turf Moor,Andrew Kitchen,/en/matches/b4b73ea3/Burnley-Middlesbrough-December-6-2024-Championship,,b4b73ea3
ENG-Championship,2425,2024-12-07 Hull City-Blackburn,Championship,19,Sat,2024-12-07,15:00 (16:00),Hull City,0–1,Blackburn,20544,MKM Stadium,Thomas Kirk,/en/matches/7632b821/Hull-City-Blackburn-Rovers-December-7-2024-Championship,,7632b821
ENG-Championship,2425,2024-12-07 Leeds United-Derby County,Championship,19,Sat,2024-12-07,12:30 (13:30),Leeds United,2–0,Derby County,36468,Elland Road,Matt Donohue,/en/matches/ee5e4901/Leeds-United-Derby-County-December-7-2024-Championship,,ee5e4901
ENG-Championship,2425,2024-12-07 Luton Town-Swansea City,Championship,19,Sat,2024-12-07,15:15 (16:15),Luton Town,1–1,Swansea City,11264,Kenilworth Road Stadium,James Bell,/en/matches/00bde56f/Luton-Town-Swansea-City-December-7-2024-Championship,,00bde56f
ENG-Championship,2425,2024-12-07 Millwall-Coventry City,Championship,19,Sat,2024-12-07,15:00 (16:00),Millwall,0–1,Coventry City,16460,The Den,Thomas Bramall,/en/matches/65e73e28/Millwall-Coventry-City-December-7-2024-Championship,,65e73e28
ENG-Championship,2425,2024-12-07 Portsmouth-Bristol City,Championship,19,Sat,2024-12-07,15:00 (16:00),Portsmouth,3–0,Bristol City,20415,Fratton Park,Sunny Gill,/en/matches/06f1af0e/Portsmouth-Bristol-City-December-7-2024-Championship,,06f1af0e
ENG-Championship,2425,2024-12-07 QPR-Norwich City,Championship,19,Sat,2024-12-07,15:00 (16:00),QPR,3–0,Norwich City,15688,MATRADE Loftus Road Stadium,Anthony Backhouse,/en/matches/a463bdbd/Queens-Park-Rangers-Norwich-City-December-7-2024-Championship,,a463bdbd
ENG-Championship,2425,2024-12-07 Sheffield Weds-Preston,Championship,19,Sat,2024-12-07,12:30 (13:30),Sheffield Weds,1–1,Preston,23927,Hillsborough Stadium,Robert Madley,/en/matches/65930788/Sheffield-Wednesday-Preston-North-End-December-7-2024-Championship,,65930788
ENG-Championship,2425,2024-12-07 Sunderland-Stoke City,Championship,19,Sat,2024-12-07,12:30 (13:30),Sunderland,2–1,Stoke City,39311,Stadium of Light,Craig Pawson,/en/matches/a7315485/Sunderland-Stoke-City-December-7-2024-Championship,,a7315485
ENG-Championship,2425,2024-12-08 West Brom-Sheffield United,Championship,19,Sun,2024-12-08,15:00 (16:00),West Brom,2–2,Sheffield United,24930,The Hawthorns,David Webb,/en/matches/117145e9/West-Bromwich-Albion-Sheffield-United-December-8-2024-Championship,,117145e9
ENG-Championship,2425,2024-12-10 Burnley-Derby County,Championship,20,Tue,2024-12-10,19:45 (20:45),Burnley,0–0,Derby County,18813,Turf Moor,Andrew Davies,/en/matches/6919f41c/Burnley-Derby-County-December-10-2024-Championship,,6919f41c
ENG-Championship,2425,2024-12-10 Leeds United-Middlesbrough,Championship,20,Tue,2024-12-10,20:00 (21:00),Leeds United,3–1,Middlesbrough,36422,Elland Road,Ben Toner,/en/matches/89ae2ea9/Leeds-United-Middlesbrough-December-10-2024-Championship,,89ae2ea9
ENG-Championship,2425,2024-12-10 Luton Town-Stoke City,Championship,20,Tue,2024-12-10,19:45 (20:45),Luton Town,2–1,Stoke City,10537,Kenilworth Road Stadium,Tom Nield,/en/matches/72be2692/Luton-Town-Stoke-City-December-10-2024-Championship,,72be2692
ENG-Championship,2425,2024-12-10 Plymouth Argyle-Swansea City,Championship,20,Tue,2024-12-10,19:45 (20:45),Plymouth Argyle,1–2,Swansea City,15305,Home Park,Stephen Martin,/en/matches/c19ee21e/Plymouth-Argyle-Swansea-City-December-10-2024-Championship,,c19ee21e
ENG-Championship,2425,2024-12-10 Portsmouth-Norwich City,Championship,20,Tue,2024-12-10,19:45 (20:45),Portsmouth,0–0,Norwich City,20151,Fratton Park,Andrew Kitchen,/en/matches/8e079dab/Portsmouth-Norwich-City-December-10-2024-Championship,,8e079dab
ENG-Championship,2425,2024-12-10 Sheffield Weds-Blackburn,Championship,20,Tue,2024-12-10,19:45 (20:45),Sheffield Weds,0–1,Blackburn,22703,Hillsborough Stadium,Joshua Smith,/en/matches/030787a7/Sheffield-Wednesday-Blackburn-Rovers-December-10-2024-Championship,,030787a7
ENG-Championship,2425,2024-12-10 Sunderland-Bristol City,Championship,20,Tue,2024-12-10,19:45 (20:45),Sunderland,1–1,Bristol City,35421,Stadium of Light,Dean Whitestone,/en/matches/10b201b3/Sunderland-Bristol-City-December-10-2024-Championship,,10b201b3
ENG-Championship,2425,2024-12-11 Cardiff City-Preston,Championship,20,Wed,2024-12-11,19:45 (20:45),Cardiff City,0–2,Preston,15006,Cardiff City Stadium,James Linington,/en/matches/0c9be401/Cardiff-City-Preston-North-End-December-11-2024-Championship,,0c9be401
ENG-Championship,2425,2024-12-11 Hull City-Watford,Championship,20,Wed,2024-12-11,19:45 (20:45),Hull City,1–1,Watford,18694,MKM Stadium,Leigh Doughty,/en/matches/94dd608d/Hull-City-Watford-December-11-2024-Championship,,94dd608d
ENG-Championship,2425,2024-12-11 Millwall-Sheffield United,Championship,20,Wed,2024-12-11,19:45 (20:45),Millwall,0–1,Sheffield United,12734,The Den,Matt Donohue,/en/matches/69351d47/Millwall-Sheffield-United-December-11-2024-Championship,,69351d47
ENG-Championship,2425,2024-12-11 QPR-Oxford United,Championship,20,Wed,2024-12-11,19:45 (20:45),QPR,2–0,Oxford United,14440,MATRADE Loftus Road Stadium,Adam Herczeg,/en/matches/7c973404/Queens-Park-Rangers-Oxford-United-December-11-2024-Championship,,7c973404
ENG-Championship,2425,2024-12-11 West Brom-Coventry City,Championship,20,Wed,2024-12-11,20:00 (21:00),West Brom,2–0,Coventry City,24859,The Hawthorns,John Busby,/en/matches/36d6c4fb/West-Bromwich-Albion-Coventry-City-December-11-2024-Championship,,36d6c4fb
ENG-Championship,2425,2024-12-13 Derby County-Portsmouth,Championship,21,Fri,2024-12-13,20:00 (21:00),Derby County,4–0,Portsmouth,26980,Pride Park Stadium,Oliver Langford,/en/matches/689caba4/Derby-County-Portsmouth-December-13-2024-Championship,,689caba4
ENG-Championship,2425,2024-12-14 Blackburn-Luton Town,Championship,21,Sat,2024-12-14,15:00 (16:00),Blackburn,2–0,Luton Town,13857,Ewood Park,Michael Salisbury,/en/matches/5ecd1cd0/Blackburn-Rovers-Luton-Town-December-14-2024-Championship,,5ecd1cd0
ENG-Championship,2425,2024-12-14 Bristol City-QPR,Championship,21,Sat,2024-12-14,12:30 (13:30),Bristol City,1–1,QPR,20925,Ashton Gate Stadium,Lewis Smith,/en/matches/9d409aa7/Bristol-City-Queens-Park-Rangers-December-14-2024-Championship,,9d409aa7
ENG-Championship,2425,2024-12-14 Coventry City-Hull City,Championship,21,Sat,2024-12-14,12:30 (13:30),Coventry City,2–1,Hull City,25528,Coventry Building Society Arena,Robert Madley,/en/matches/2d86037b/Coventry-City-Hull-City-December-14-2024-Championship,,2d86037b
ENG-Championship,2425,2024-12-14 Middlesbrough-Millwall,Championship,21,Sat,2024-12-14,15:00 (16:00),Middlesbrough,1–0,Millwall,23445,Riverside Stadium,Geoff Eltringham,/en/matches/de7471e1/Middlesbrough-Millwall-December-14-2024-Championship,,de7471e1
ENG-Championship,2425,2024-12-14 Oxford United-Sheffield Weds,Championship,21,Sat,2024-12-14,15:00 (16:00),Oxford United,1–3,Sheffield Weds,11567,The Kassam Stadium,Stephen Martin,/en/matches/f252becc/Oxford-United-Sheffield-Wednesday-December-14-2024-Championship,,f252becc
ENG-Championship,2425,2024-12-14 Preston-Leeds United,Championship,21,Sat,2024-12-14,12:30 (13:30),Preston,1–1,Leeds United,19508,Deepdale Stadium,John Busby,/en/matches/82347777/Preston-North-End-Leeds-United-December-14-2024-Championship,,82347777
ENG-Championship,2425,2024-12-14 Sheffield United-Plymouth Argyle,Championship,21,Sat,2024-12-14,15:00 (16:00),Sheffield United,2–0,Plymouth Argyle,27237,Bramall Lane,Farai Hallam,/en/matches/5bbcc700/Sheffield-United-Plymouth-Argyle-December-14-2024-Championship,,5bbcc700
ENG-Championship,2425,2024-12-14 Stoke City-Cardiff City,Championship,21,Sat,2024-12-14,15:00 (16:00),Stoke City,2–2,Cardiff City,20847,bet365 Stadium,Joshua Smith,/en/matches/d54bd769/Stoke-City-Cardiff-City-December-14-2024-Championship,,d54bd769
ENG-Championship,2425,2024-12-14 Swansea City-Sunderland,Championship,21,Sat,2024-12-14,15:00 (16:00),Swansea City,2–3,Sunderland,15791,Swansea.com Stadium,Andrew Davies,/en/matches/6dfcd542/Swansea-City-Sunderland-December-14-2024-Championship,,6dfcd542
ENG-Championship,2425,2024-12-15 Norwich City-Burnley,Championship,21,Sun,2024-12-15,15:00 (16:00),Norwich City,1–2,Burnley,26218,Carrow Road,Andy Madley,/en/matches/43bcd9a8/Norwich-City-Burnley-December-15-2024-Championship,,43bcd9a8
ENG-Championship,2425,2024-12-15 Watford-West Brom,Championship,21,Sun,2024-12-15,14:00 (15:00),Watford,2–1,West Brom,19774,Vicarage Road Stadium,Gavin Ward,/en/matches/d578780b/Watford-West-Bromwich-Albion-December-15-2024-Championship,,d578780b
ENG-Championship,2425,2024-12-20 Luton Town-Derby County,Championship,22,Fri,2024-12-20,20:00 (21:00),Luton Town,2–1,Derby County,11667,Kenilworth Road Stadium,Andrew Kitchen,/en/matches/03c07a2b/Luton-Town-Derby-County-December-20-2024-Championship,,03c07a2b
ENG-Championship,2425,2024-12-21 Burnley-Watford,Championship,22,Sat,2024-12-21,15:00 (16:00),Burnley,2–1,Watford,19601,Turf Moor,James Linington,/en/matches/804090af/Burnley-Watford-December-21-2024-Championship,,804090af
ENG-Championship,2425,2024-12-21 Cardiff City-Sheffield United,Championship,22,Sat,2024-12-21,15:00 (16:00),Cardiff City,0–2,Sheffield United,18312,Cardiff City Stadium,Darren Bond,/en/matches/409d2266/Cardiff-City-Sheffield-United-December-21-2024-Championship,,409d2266
ENG-Championship,2425,2024-12-21 Hull City-Swansea City,Championship,22,Sat,2024-12-21,12:30 (13:30),Hull City,2–1,Swansea City,20024,MKM Stadium,Thomas Bramall,/en/matches/c7bc9fcf/Hull-City-Swansea-City-December-21-2024-Championship,,c7bc9fcf
ENG-Championship,2425,2024-12-21 Leeds United-Oxford United,Championship,22,Sat,2024-12-21,15:00 (16:00),Leeds United,4–0,Oxford United,36646,Elland Road,James Bell,/en/matches/32d87cee/Leeds-United-Oxford-United-December-21-2024-Championship,,32d87cee
ENG-Championship,2425,2024-12-21 Millwall-Blackburn,Championship,22,Sat,2024-12-21,15:00 (16:00),Millwall,1–0,Blackburn,14009,The Den,David Webb,/en/matches/cd4a9c20/Millwall-Blackburn-Rovers-December-21-2024-Championship,,cd4a9c20
ENG-Championship,2425,2024-12-21 Plymouth Argyle-Middlesbrough,Championship,22,Sat,2024-12-21,15:00 (16:00),Plymouth Argyle,3–3,Middlesbrough,16550,Home Park,Will Finnie,/en/matches/4d11bc75/Plymouth-Argyle-Middlesbrough-December-21-2024-Championship,,4d11bc75
ENG-Championship,2425,2024-12-21 Portsmouth-Coventry City,Championship,22,Sat,2024-12-21,12:30 (13:30),Portsmouth,4–1,Coventry City,20330,Fratton Park,Dean Whitestone,/en/matches/396226c7/Portsmouth-Coventry-City-December-21-2024-Championship,,396226c7
ENG-Championship,2425,2024-12-21 QPR-Preston,Championship,22,Sat,2024-12-21,15:00 (16:00),QPR,2–1,Preston,15323,MATRADE Loftus Road Stadium,Matt Donohue,/en/matches/cfe916e0/Queens-Park-Rangers-Preston-North-End-December-21-2024-Championship,,cfe916e0
ENG-Championship,2425,2024-12-21 Sheffield Weds-Stoke City,Championship,22,Sat,2024-12-21,12:30 (13:30),Sheffield Weds,2–0,Stoke City,26743,Hillsborough Stadium,Samuel Allison,/en/matches/17d57a50/Sheffield-Wednesday-Stoke-City-December-21-2024-Championship,,17d57a50
ENG-Championship,2425,2024-12-21 Sunderland-Norwich City,Championship,22,Sat,2024-12-21,15:00 (16:00),Sunderland,2–1,Norwich City,40114,Stadium of Light,Leigh Doughty,/en/matches/5a979a0e/Sunderland-Norwich-City-December-21-2024-Championship,,5a979a0e
ENG-Championship,2425,2024-12-22 West Brom-Bristol City,Championship,22,Sun,2024-12-22,15:00 (16:00),West Brom,2–0,Bristol City,25910,The Hawthorns,Thomas Kirk,/en/matches/03897f64/West-Bromwich-Albion-Bristol-City-December-22-2024-Championship,,03897f64
ENG-Championship,2425,2024-12-26 Blackburn-Sunderland,Championship,23,Thu,2024-12-26,15:00 (16:00),Blackburn,2–2,Sunderland,24961,Ewood Park,Robert Madley,/en/matches/830a20f2/Blackburn-Rovers-Sunderland-December-26-2024-Championship,,830a20f2
ENG-Championship,2425,2024-12-26 Bristol City-Luton Town,Championship,23,Thu,2024-12-26,15:00 (16:00),Bristol City,1–0,Luton Town,21828,Ashton Gate Stadium,Peter Bankes,/en/matches/56fd60ab/Bristol-City-Luton-Town-December-26-2024-Championship,,56fd60ab
ENG-Championship,2425,2024-12-26 Coventry City-Plymouth Argyle,Championship,23,Thu,2024-12-26,15:00 (16:00),Coventry City,4–0,Plymouth Argyle,29420,Coventry Building Society Arena,Adam Herczeg,/en/matches/2d5f934d/Coventry-City-Plymouth-Argyle-December-26-2024-Championship,,2d5f934d
ENG-Championship,2425,2024-12-26 Derby County-West Brom,Championship,23,Thu,2024-12-26,17:30 (18:30),Derby County,2–1,West Brom,31267,Pride Park Stadium,Jarred Gillett,/en/matches/60b326e7/Derby-County-West-Bromwich-Albion-December-26-2024-Championship,,60b326e7
ENG-Championship,2425,2024-12-26 Middlesbrough-Sheffield Weds,Championship,23,Thu,2024-12-26,15:00 (16:00),Middlesbrough,3–3,Sheffield Weds,32147,Riverside Stadium,Anthony Backhouse,/en/matches/817f7602/Middlesbrough-Sheffield-Wednesday-December-26-2024-Championship,,817f7602
ENG-Championship,2425,2024-12-26 Norwich City-Millwall,Championship,23,Thu,2024-12-26,15:00 (16:00),Norwich City,2–1,Millwall,26060,Carrow Road,Tom Nield,/en/matches/626ca148/Norwich-City-Millwall-December-26-2024-Championship,,626ca148
ENG-Championship,2425,2024-12-26 Oxford United-Cardiff City,Championship,23,Thu,2024-12-26,15:00 (16:00),Oxford United,3–2,Cardiff City,11494,The Kassam Stadium,Gavin Ward,/en/matches/1b87ae4e/Oxford-United-Cardiff-City-December-26-2024-Championship,,1b87ae4e
ENG-Championship,2425,2024-12-26 Preston-Hull City,Championship,23,Thu,2024-12-26,15:00 (16:00),Preston,1–0,Hull City,16521,Deepdale Stadium,Joshua Smith,/en/matches/df91770a/Preston-North-End-Hull-City-December-26-2024-Championship,,df91770a
ENG-Championship,2425,2024-12-26 Sheffield United-Burnley,Championship,23,Thu,2024-12-26,15:00 (16:00),Sheffield United,0–2,Burnley,30580,Bramall Lane,Oliver Langford,/en/matches/57658a1b/Sheffield-United-Burnley-December-26-2024-Championship,,57658a1b
ENG-Championship,2425,2024-12-26 Stoke City-Leeds United,Championship,23,Thu,2024-12-26,20:00 (21:00),Stoke City,0–2,Leeds United,24738,bet365 Stadium,Stephen Martin,/en/matches/c6ec6c22/Stoke-City-Leeds-United-December-26-2024-Championship,,c6ec6c22
ENG-Championship,2425,2024-12-26 Swansea City-QPR,Championship,23,Thu,2024-12-26,15:00 (16:00),Swansea City,3–0,QPR,15843,Swansea.com Stadium,Ben Toner,/en/matches/fa013ad1/Swansea-City-Queens-Park-Rangers-December-26-2024-Championship,,fa013ad1
ENG-Championship,2425,2024-12-26 Watford-Portsmouth,Championship,23,Thu,2024-12-26,15:00 (16:00),Watford,2–1,Portsmouth,20696,Vicarage Road Stadium,Geoff Eltringham,/en/matches/27846fc3/Watford-Portsmouth-December-26-2024-Championship,,27846fc3
ENG-Championship,2425,2024-12-29 Blackburn-Hull City,Championship,24,Sun,2024-12-29,15:00 (16:00),Blackburn,0–1,Hull City,16245,Ewood Park,Dean Whitestone,/en/matches/891c9c61/Blackburn-Rovers-Hull-City-December-29-2024-Championship,,891c9c61
ENG-Championship,2425,2024-12-29 Bristol City-Portsmouth,Championship,24,Sun,2024-12-29,15:00 (16:00),Bristol City,3–0,Portsmouth,24560,Ashton Gate Stadium,John Busby,/en/matches/f82e3425/Bristol-City-Portsmouth-December-29-2024-Championship,,f82e3425
ENG-Championship,2425,2024-12-29 Coventry City-Millwall,Championship,24,Sun,2024-12-29,15:00 (16:00),Coventry City,0–0,Millwall,28216,Coventry Building Society Arena,Andrew Kitchen,/en/matches/06d8e201/Coventry-City-Millwall-December-29-2024-Championship,,06d8e201
ENG-Championship,2425,2024-12-29 Derby County-Leeds United,Championship,24,Sun,2024-12-29,17:45 (18:45),Derby County,0–1,Leeds United,32240,Pride Park Stadium,Andrew Davies,/en/matches/c61d7906/Derby-County-Leeds-United-December-29-2024-Championship,,c61d7906
ENG-Championship,2425,2024-12-29 Middlesbrough-Burnley,Championship,24,Sun,2024-12-29,20:00 (21:00),Middlesbrough,0–0,Burnley,27686,Riverside Stadium,Joshua Smith,/en/matches/8212113a/Middlesbrough-Burnley-December-29-2024-Championship,,8212113a
ENG-Championship,2425,2024-12-29 Norwich City-QPR,Championship,24,Sun,2024-12-29,12:30 (13:30),Norwich City,1–1,QPR,26563,Carrow Road,Samuel Barrott,/en/matches/bc77e84c/Norwich-City-Queens-Park-Rangers-December-29-2024-Championship,,bc77e84c
ENG-Championship,2425,2024-12-29 Oxford United-Plymouth Argyle,Championship,24,Sun,2024-12-29,15:00 (16:00),Oxford United,2–0,Plymouth Argyle,11438,The Kassam Stadium,David Webb,/en/matches/7432f1aa/Oxford-United-Plymouth-Argyle-December-29-2024-Championship,,7432f1aa
ENG-Championship,2425,2024-12-29 Preston-Sheffield Weds,Championship,24,Sun,2024-12-29,12:30 (13:30),Preston,3–1,Sheffield Weds,19950,Deepdale Stadium,Sunny Gill,/en/matches/298cad22/Preston-North-End-Sheffield-Wednesday-December-29-2024-Championship,,298cad22
ENG-Championship,2425,2024-12-29 Sheffield United-West Brom,Championship,24,Sun,2024-12-29,12:30 (13:30),Sheffield United,1–1,West Brom,29123,Bramall Lane,Stuart Attwell,/en/matches/abfd255f/Sheffield-United-West-Bromwich-Albion-December-29-2024-Championship,,abfd255f
ENG-Championship,2425,2024-12-29 Stoke City-Sunderland,Championship,24,Sun,2024-12-29,15:00 (16:00),Stoke City,1–0,Sunderland,23654,bet365 Stadium,James Bell,/en/matches/e3b28954/Stoke-City-Sunderland-December-29-2024-Championship,,e3b28954
ENG-Championship,2425,2024-12-29 Swansea City-Luton Town,Championship,24,Sun,2024-12-29,15:00 (16:00),Swansea City,2–1,Luton Town,16414,Swansea.com Stadium,Farai Hallam,/en/matches/0abefaf7/Swansea-City-Luton-Town-December-29-2024-Championship,,0abefaf7
ENG-Championship,2425,2024-12-29 Watford-Cardiff City,Championship,24,Sun,2024-12-29,15:00 (16:00),Watford,1–2,Cardiff City,19916,Vicarage Road Stadium,Samuel Allison,/en/matches/5ee726ec/Watford-Cardiff-City-December-29-2024-Championship,,5ee726ec
ENG-Championship,2425,2025-01-01 Burnley-Stoke City,Championship,25,Wed,2025-01-01,15:00 (16:00),Burnley,0–0,Stoke City,20119,Turf Moor,Gavin Ward,/en/matches/b77d677f/Burnley-Stoke-City-January-1-2025-Championship,,b77d677f
ENG-Championship,2425,2025-01-01 Cardiff City-Coventry City,Championship,25,Wed,2025-01-01,15:00 (16:00),Cardiff City,1–1,Coventry City,19045,Cardiff City Stadium,Geoff Eltringham,/en/matches/92814fd1/Cardiff-City-Coventry-City-January-1-2025-Championship,,92814fd1
ENG-Championship,2425,2025-01-01 Hull City-Middlesbrough,Championship,25,Wed,2025-01-01,17:30 (18:30),Hull City,0–1,Middlesbrough,21585,MKM Stadium,Leigh Doughty,/en/matches/362f9403/Hull-City-Middlesbrough-January-1-2025-Championship,,362f9403
ENG-Championship,2425,2025-01-01 Leeds United-Blackburn,Championship,25,Wed,2025-01-01,15:00 (16:00),Leeds United,1–1,Blackburn,36645,Elland Road,Oliver Langford,/en/matches/771f767e/Leeds-United-Blackburn-Rovers-January-1-2025-Championship,,771f767e
ENG-Championship,2425,2025-01-01 Luton Town-Norwich City,Championship,25,Wed,2025-01-01,15:00 (16:00),Luton Town,0–1,Norwich City,11828,Kenilworth Road Stadium,Jarred Gillett,/en/matches/a00ee65e/Luton-Town-Norwich-City-January-1-2025-Championship,,a00ee65e
ENG-Championship,2425,2025-01-01 Millwall-Oxford United,Championship,25,Wed,2025-01-01,13:00 (14:00),Millwall,0–1,Oxford United,14964,The Den,Ruebyn Ricardo,/en/matches/7f289f6f/Millwall-Oxford-United-January-1-2025-Championship,,7f289f6f
ENG-Championship,2425,2025-01-01 Plymouth Argyle-Bristol City,Championship,25,Wed,2025-01-01,12:30 (13:30),Plymouth Argyle,2–2,Bristol City,17005,Home Park,Tim Robinson,/en/matches/f7209634/Plymouth-Argyle-Bristol-City-January-1-2025-Championship,,f7209634
ENG-Championship,2425,2025-01-01 Portsmouth-Swansea City,Championship,25,Wed,2025-01-01,15:00 (16:00),Portsmouth,4–0,Swansea City,20427,Fratton Park,James Linington,/en/matches/28b05ab1/Portsmouth-Swansea-City-January-1-2025-Championship,,28b05ab1
ENG-Championship,2425,2025-01-01 QPR-Watford,Championship,25,Wed,2025-01-01,12:30 (13:30),QPR,3–1,Watford,17268,MATRADE Loftus Road Stadium,Stephen Martin,/en/matches/3dfdab7f/Queens-Park-Rangers-Watford-January-1-2025-Championship,,3dfdab7f
ENG-Championship,2425,2025-01-01 Sheffield Weds-Derby County,Championship,25,Wed,2025-01-01,15:00 (16:00),Sheffield Weds,4–2,Derby County,31056,Hillsborough Stadium,Lewis Smith,/en/matches/ed9fc8df/Sheffield-Wednesday-Derby-County-January-1-2025-Championship,,ed9fc8df
ENG-Championship,2425,2025-01-01 Sunderland-Sheffield United,Championship,25,Wed,2025-01-01,20:00 (21:00),Sunderland,2–1,Sheffield United,42276,Stadium of Light,Matt Donohue,/en/matches/96c203d4/Sunderland-Sheffield-United-January-1-2025-Championship,,96c203d4
ENG-Championship,2425,2025-01-01 West Brom-Preston,Championship,25,Wed,2025-01-01,15:00 (16:00),West Brom,3–1,Preston,24320,The Hawthorns,Robert Madley,/en/matches/06dc7273/West-Bromwich-Albion-Preston-North-End-January-1-2025-Championship,,06dc7273
ENG-Championship,2425,2025-01-04 Blackburn-Burnley,Championship,26,Sat,2025-01-04,12:30 (13:30),Blackburn,0–1,Burnley,25909,Ewood Park,Andrew Kitchen,/en/matches/0eca2d6d/Blackburn-Rovers-Burnley-January-4-2025-Championship,,0eca2d6d
ENG-Championship,2425,2025-01-04 Bristol City-Derby County,Championship,26,Sat,2025-01-04,15:00 (16:00),Bristol City,1–0,Derby County,22040,Ashton Gate Stadium,Will Finnie,/en/matches/d4043d35/Bristol-City-Derby-County-January-4-2025-Championship,,d4043d35
ENG-Championship,2425,2025-01-04 Hull City-Leeds United,Championship,26,Sat,2025-01-04,15:00 (16:00),Hull City,3–3,Leeds United,24463,MKM Stadium,Anthony Backhouse,/en/matches/0866f0e8/Hull-City-Leeds-United-January-4-2025-Championship,,0866f0e8
ENG-Championship,2425,2025-01-04 Middlesbrough-Cardiff City,Championship,26,Sat,2025-01-04,15:00 (16:00),Middlesbrough,1–1,Cardiff City,24634,Riverside Stadium,Tom Nield,/en/matches/cab9f51c/Middlesbrough-Cardiff-City-January-4-2025-Championship,,cab9f51c
ENG-Championship,2425,2025-01-04 Norwich City-Coventry City,Championship,26,Sat,2025-01-04,15:00 (16:00),Norwich City,2–1,Coventry City,26682,Carrow Road,James Bell,/en/matches/5b5dc90a/Norwich-City-Coventry-City-January-4-2025-Championship,,5b5dc90a
ENG-Championship,2425,2025-01-04 Preston-Oxford United,Championship,26,Sat,2025-01-04,15:00 (16:00),Preston,1–1,Oxford United,14749,Deepdale Stadium,Ben Toner,/en/matches/f99a5810/Preston-North-End-Oxford-United-January-4-2025-Championship,,f99a5810
ENG-Championship,2425,2025-01-04 Sheffield Weds-Millwall,Championship,26,Sat,2025-01-04,15:00 (16:00),Sheffield Weds,2–2,Millwall,25208,Hillsborough Stadium,Robert Jones,/en/matches/4dbd6c1c/Sheffield-Wednesday-Millwall-January-4-2025-Championship,,4dbd6c1c
ENG-Championship,2425,2025-01-04 Stoke City-Plymouth Argyle,Championship,26,Sat,2025-01-04,12:30 (13:30),Stoke City,0–0,Plymouth Argyle,26168,bet365 Stadium,Dean Whitestone,/en/matches/95fdeff3/Stoke-City-Plymouth-Argyle-January-4-2025-Championship,,95fdeff3
ENG-Championship,2425,2025-01-04 Swansea City-West Brom,Championship,26,Sat,2025-01-04,12:30 (13:30),Swansea City,1–1,West Brom,14729,Swansea.com Stadium,Samuel Allison,/en/matches/c443693e/Swansea-City-West-Bromwich-Albion-January-4-2025-Championship,,c443693e
ENG-Championship,2425,2025-01-04 Watford-Sheffield United,Championship,26,Sat,2025-01-04,15:00 (16:00),Watford,1–2,Sheffield United,19937,Vicarage Road Stadium,David Webb,/en/matches/2fba75cc/Watford-Sheffield-United-January-4-2025-Championship,,2fba75cc
ENG-Championship,2425,2025-01-05 Sunderland-Portsmouth,Championship,26,Sun,2025-01-05,15:00 (16:00),Sunderland,1–0,Portsmouth,39846,Stadium of Light,Thomas Bramall,/en/matches/1081e8eb/Sunderland-Portsmouth-January-5-2025-Championship,,1081e8eb
ENG-Championship,2425,2025-01-06 QPR-Luton Town,Championship,26,Mon,2025-01-06,20:00 (21:00),QPR,2–1,Luton Town,14025,MATRADE Loftus Road Stadium,Andrew Davies,/en/matches/c6d49b49/Queens-Park-Rangers-Luton-Town-January-6-2025-Championship,,c6d49b49
ENG-Championship,2425,2025-01-14 Cardiff City-Watford,Championship,19,Tue,2025-01-14,19:45 (20:45),Cardiff City,1–1,Watford,16942,Cardiff City Stadium,Oliver Langford,/en/matches/3b814624/Cardiff-City-Watford-January-14-2025-Championship,,3b814624
ENG-Championship,2425,2025-01-14 Plymouth Argyle-Oxford United,Championship,19,Tue,2025-01-14,19:45 (20:45),Plymouth Argyle,1–1,Oxford United,15933,Home Park,Samuel Allison,/en/matches/28a61bce/Plymouth-Argyle-Oxford-United-January-14-2025-Championship,,28a61bce
ENG-Championship,2425,2025-01-15 Blackburn-Portsmouth,Championship,16,Wed,2025-01-15,19:45 (20:45),Blackburn,3–0,Portsmouth,13703,Ewood Park,Farai Hallam,/en/matches/0523a3cf/Blackburn-Rovers-Portsmouth-January-15-2025-Championship,,0523a3cf
ENG-Championship,2425,2025-01-17 Burnley-Sunderland,Championship,27,Fri,2025-01-17,20:00 (21:00),Burnley,0–0,Sunderland,21014,Turf Moor,Anthony Backhouse,/en/matches/216c55e4/Burnley-Sunderland-January-17-2025-Championship,,216c55e4
ENG-Championship,2425,2025-01-18 Cardiff City-Swansea City,Championship,27,Sat,2025-01-18,12:30 (13:30),Cardiff City,3–0,Swansea City,26536,Cardiff City Stadium,James Bell,/en/matches/92864cd0/Cardiff-City-Swansea-City-January-18-2025-Championship,,92864cd0
ENG-Championship,2425,2025-01-18 Coventry City-Bristol City,Championship,27,Sat,2025-01-18,15:00 (16:00),Coventry City,1–0,Bristol City,26695,Coventry Building Society Arena,Lewis Smith,/en/matches/87090dd7/Coventry-City-Bristol-City-January-18-2025-Championship,,87090dd7
ENG-Championship,2425,2025-01-18 Derby County-Watford,Championship,27,Sat,2025-01-18,15:00 (16:00),Derby County,0–2,Watford,29040,Pride Park Stadium,Adam Herczeg,/en/matches/a3ff1571/Derby-County-Watford-January-18-2025-Championship,,a3ff1571
ENG-Championship,2425,2025-01-18 Luton Town-Preston,Championship,27,Sat,2025-01-18,15:00 (16:00),Luton Town,0–0,Preston,11540,Kenilworth Road Stadium,Tim Robinson,/en/matches/0d7c9805/Luton-Town-Preston-North-End-January-18-2025-Championship,,0d7c9805
ENG-Championship,2425,2025-01-18 Millwall-Hull City,Championship,27,Sat,2025-01-18,12:30 (13:30),Millwall,0–1,Hull City,14579,The Den,Stephen Martin,/en/matches/22b86724/Millwall-Hull-City-January-18-2025-Championship,,22b86724
ENG-Championship,2425,2025-01-18 Oxford United-Blackburn,Championship,27,Sat,2025-01-18,15:00 (16:00),Oxford United,1–0,Blackburn,11207,The Kassam Stadium,Will Finnie,/en/matches/dbf14941/Oxford-United-Blackburn-Rovers-January-18-2025-Championship,,dbf14941
ENG-Championship,2425,2025-01-18 Plymouth Argyle-QPR,Championship,27,Sat,2025-01-18,12:30 (13:30),Plymouth Argyle,0–1,QPR,16988,Home Park,Darren Bond,/en/matches/36d7a096/Plymouth-Argyle-Queens-Park-Rangers-January-18-2025-Championship,,36d7a096
ENG-Championship,2425,2025-01-18 Portsmouth-Middlesbrough,Championship,27,Sat,2025-01-18,15:00 (16:00),Portsmouth,2–1,Middlesbrough,20389,Fratton Park,Gavin Ward,/en/matches/2b09b517/Portsmouth-Middlesbrough-January-18-2025-Championship,,2b09b517
ENG-Championship,2425,2025-01-18 Sheffield United-Norwich City,Championship,27,Sat,2025-01-18,15:00 (16:00),Sheffield United,2–0,Norwich City,28239,Bramall Lane,Joshua Smith,/en/matches/2f1090ee/Sheffield-United-Norwich-City-January-18-2025-Championship,,2f1090ee
ENG-Championship,2425,2025-01-18 West Brom-Stoke City,Championship,27,Sat,2025-01-18,15:00 (16:00),West Brom,1–1,Stoke City,25679,The Hawthorns,James Linington,/en/matches/dda05a01/West-Bromwich-Albion-Stoke-City-January-18-2025-Championship,,dda05a01
ENG-Championship,2425,2025-01-19 Leeds United-Sheffield Weds,Championship,27,Sun,2025-01-19,12:00 (13:00),Leeds United,3–0,Sheffield Weds,36685,Elland Road,David Webb,/en/matches/a3c61f15/Leeds-United-Sheffield-Wednesday-January-19-2025-Championship,,a3c61f15
ENG-Championship,2425,2025-01-21 Blackburn-Coventry City,Championship,28,Tue,2025-01-21,19:45 (20:45),Blackburn,0–2,Coventry City,12819,Ewood Park,Oliver Langford,/en/matches/2010d495/Blackburn-Rovers-Coventry-City-January-21-2025-Championship,,2010d495
ENG-Championship,2425,2025-01-21 Derby County-Sunderland,Championship,28,Tue,2025-01-21,19:45 (20:45),Derby County,0–1,Sunderland,27441,Pride Park Stadium,Samuel Allison,/en/matches/3a00f804/Derby-County-Sunderland-January-21-2025-Championship,,3a00f804
ENG-Championship,2425,2025-01-21 Hull City-QPR,Championship,28,Tue,2025-01-21,19:45 (20:45),Hull City,1–2,QPR,19180,MKM Stadium,Ben Speedie,/en/matches/d165ded3/Hull-City-Queens-Park-Rangers-January-21-2025-Championship,,d165ded3
ENG-Championship,2425,2025-01-21 Middlesbrough-West Brom,Championship,28,Tue,2025-01-21,19:45 (20:45),Middlesbrough,2–0,West Brom,22323,Riverside Stadium,Andrew Kitchen,/en/matches/ec925e82/Middlesbrough-West-Bromwich-Albion-January-21-2025-Championship,,ec925e82
ENG-Championship,2425,2025-01-21 Millwall-Cardiff City,Championship,28,Tue,2025-01-21,20:00 (21:00),Millwall,2–2,Cardiff City,12041,The Den,David Webb,/en/matches/03875940/Millwall-Cardiff-City-January-21-2025-Championship,,03875940
ENG-Championship,2425,2025-01-21 Oxford United-Luton Town,Championship,28,Tue,2025-01-21,19:45 (20:45),Oxford United,3–2,Luton Town,11035,The Kassam Stadium,Stephen Martin,/en/matches/2f7e3fdf/Oxford-United-Luton-Town-January-21-2025-Championship,,2f7e3fdf
ENG-Championship,2425,2025-01-21 Swansea City-Sheffield United,Championship,28,Tue,2025-01-21,19:45 (20:45),Swansea City,1–2,Sheffield United,13373,Swansea.com Stadium,Dean Whitestone,/en/matches/1089831e/Swansea-City-Sheffield-United-January-21-2025-Championship,,1089831e
ENG-Championship,2425,2025-01-21 Watford-Preston,Championship,28,Tue,2025-01-21,19:45 (20:45),Watford,1–2,Preston,16397,Vicarage Road Stadium,Tom Nield,/en/matches/86962acd/Watford-Preston-North-End-January-21-2025-Championship,,86962acd
ENG-Championship,2425,2025-01-22 Leeds United-Norwich City,Championship,28,Wed,2025-01-22,19:45 (20:45),Leeds United,2–0,Norwich City,35157,Elland Road,Matt Donohue,/en/matches/7c2ed22e/Leeds-United-Norwich-City-January-22-2025-Championship,,7c2ed22e
ENG-Championship,2425,2025-01-22 Plymouth Argyle-Burnley,Championship,28,Wed,2025-01-22,20:00 (21:00),Plymouth Argyle,0–5,Burnley,15509,Home Park,John Busby,/en/matches/e073d138/Plymouth-Argyle-Burnley-January-22-2025-Championship,,e073d138
ENG-Championship,2425,2025-01-22 Portsmouth-Stoke City,Championship,28,Wed,2025-01-22,19:45 (20:45),Portsmouth,3–1,Stoke City,19388,Fratton Park,Joshua Smith,/en/matches/7b3282ad/Portsmouth-Stoke-City-January-22-2025-Championship,,7b3282ad
ENG-Championship,2425,2025-01-22 Sheffield Weds-Bristol City,Championship,28,Wed,2025-01-22,19:45 (20:45),Sheffield Weds,2–2,Bristol City,22774,Hillsborough Stadium,James Linington,/en/matches/015123b5/Sheffield-Wednesday-Bristol-City-January-22-2025-Championship,,015123b5
ENG-Championship,2425,2025-01-24 Sheffield United-Hull City,Championship,29,Fri,2025-01-24,20:00 (21:00),Sheffield United,0–3,Hull City,27448,Bramall Lane,Andrew Kitchen,/en/matches/676625b2/Sheffield-United-Hull-City-January-24-2025-Championship,,676625b2
ENG-Championship,2425,2025-01-25 Bristol City-Blackburn,Championship,29,Sat,2025-01-25,15:00 (16:00),Bristol City,2–1,Blackburn,20945,Ashton Gate Stadium,Matt Donohue,/en/matches/b3e3cff6/Bristol-City-Blackburn-Rovers-January-25-2025-Championship,,b3e3cff6
ENG-Championship,2425,2025-01-25 Cardiff City-Derby County,Championship,29,Sat,2025-01-25,15:00 (16:00),Cardiff City,2–1,Derby County,19548,Cardiff City Stadium,Dean Whitestone,/en/matches/453d44fb/Cardiff-City-Derby-County-January-25-2025-Championship,,453d44fb
ENG-Championship,2425,2025-01-25 Coventry City-Watford,Championship,29,Sat,2025-01-25,15:00 (16:00),Coventry City,2–1,Watford,27078,Coventry Building Society Arena,Martin Coy,/en/matches/081a93be/Coventry-City-Watford-January-25-2025-Championship,,081a93be
ENG-Championship,2425,2025-01-25 Luton Town-Millwall,Championship,29,Sat,2025-01-25,12:30 (13:30),Luton Town,0–1,Millwall,11418,Kenilworth Road Stadium,Gavin Ward,/en/matches/9750780a/Luton-Town-Millwall-January-25-2025-Championship,,9750780a
ENG-Championship,2425,2025-01-25 Norwich City-Swansea City,Championship,29,Sat,2025-01-25,12:30 (13:30),Norwich City,5–1,Swansea City,25713,Carrow Road,Thomas Bramall,/en/matches/ee7cee1a/Norwich-City-Swansea-City-January-25-2025-Championship,,ee7cee1a
ENG-Championship,2425,2025-01-25 Preston-Middlesbrough,Championship,29,Sat,2025-01-25,15:00 (16:00),Preston,2–1,Middlesbrough,18474,Deepdale Stadium,John Busby,/en/matches/e34baed6/Preston-North-End-Middlesbrough-January-25-2025-Championship,,e34baed6
ENG-Championship,2425,2025-01-25 QPR-Sheffield Weds,Championship,29,Sat,2025-01-25,15:00 (16:00),QPR,0–2,Sheffield Weds,17352,MATRADE Loftus Road Stadium,Samuel Allison,/en/matches/37d0fd0a/Queens-Park-Rangers-Sheffield-Wednesday-January-25-2025-Championship,,37d0fd0a
ENG-Championship,2425,2025-01-25 Stoke City-Oxford United,Championship,29,Sat,2025-01-25,12:30 (13:30),Stoke City,0–0,Oxford United,22911,bet365 Stadium,Farai Hallam,/en/matches/4d148bd0/Stoke-City-Oxford-United-January-25-2025-Championship,,4d148bd0
ENG-Championship,2425,2025-01-25 Sunderland-Plymouth Argyle,Championship,29,Sat,2025-01-25,15:00 (16:00),Sunderland,2–2,Plymouth Argyle,41097,Stadium of Light,Oliver Langford,/en/matches/f29ae45c/Sunderland-Plymouth-Argyle-January-25-2025-Championship,,f29ae45c
ENG-Championship,2425,2025-01-25 West Brom-Portsmouth,Championship,29,Sat,2025-01-25,15:00 (16:00),West Brom,5–1,Portsmouth,25261,The Hawthorns,Jarred Gillett,/en/matches/1320361b/West-Bromwich-Albion-Portsmouth-January-25-2025-Championship,,1320361b
ENG-Championship,2425,2025-01-27 Burnley-Leeds United,Championship,29,Mon,2025-01-27,20:00 (21:00),Burnley,0–0,Leeds United,21329,Turf Moor,Joshua Smith,/en/matches/379dd246/Burnley-Leeds-United-January-27-2025-Championship,,379dd246
ENG-Championship,2425,2025-01-28 Portsmouth-Millwall,Championship,17,Tue,2025-01-28,19:45 (20:45),Portsmouth,0–1,Millwall,19815,Fratton Park,Dean Whitestone,/en/matches/c7f3581f/Portsmouth-Millwall-January-28-2025-Championship,,c7f3581f
ENG-Championship,2425,2025-01-31 Blackburn-Preston,Championship,30,Fri,2025-01-31,20:00 (21:00),Blackburn,2–1,Preston,21392,Ewood Park,Joshua Smith,/en/matches/4e774b6a/Blackburn-Rovers-Preston-North-End-January-31-2025-Championship,,4e774b6a
ENG-Championship,2425,2025-02-01 Derby County-Sheffield United,Championship,30,Sat,2025-02-01,15:00 (16:00),Derby County,0–1,Sheffield United,29472,Pride Park Stadium,Tom Nield,/en/matches/4af3b214/Derby-County-Sheffield-United-February-1-2025-Championship,,4af3b214
ENG-Championship,2425,2025-02-01 Hull City-Stoke City,Championship,30,Sat,2025-02-01,15:00 (16:00),Hull City,1–2,Stoke City,21709,MKM Stadium,Will Finnie,/en/matches/b6544fd3/Hull-City-Stoke-City-February-1-2025-Championship,,b6544fd3
ENG-Championship,2425,2025-02-01 Leeds United-Cardiff City,Championship,30,Sat,2025-02-01,15:00 (16:00),Leeds United,7–0,Cardiff City,35810,Elland Road,Michael Salisbury,/en/matches/01cb8524/Leeds-United-Cardiff-City-February-1-2025-Championship,,01cb8524
ENG-Championship,2425,2025-02-01 Millwall-QPR,Championship,30,Sat,2025-02-01,15:00 (16:00),Millwall,2–1,QPR,17914,The Den,John Busby,/en/matches/cdbcdf2d/Millwall-Queens-Park-Rangers-February-1-2025-Championship,,cdbcdf2d
ENG-Championship,2425,2025-02-01 Oxford United-Bristol City,Championship,30,Sat,2025-02-01,12:30 (13:30),Oxford United,1–1,Bristol City,11430,The Kassam Stadium,Oliver Langford,/en/matches/693c4650/Oxford-United-Bristol-City-February-1-2025-Championship,,693c4650
ENG-Championship,2425,2025-02-01 Plymouth Argyle-West Brom,Championship,30,Sat,2025-02-01,12:30 (13:30),Plymouth Argyle,2–1,West Brom,16870,Home Park,Dean Whitestone,/en/matches/2a8e8207/Plymouth-Argyle-West-Bromwich-Albion-February-1-2025-Championship,,2a8e8207
ENG-Championship,2425,2025-02-01 Portsmouth-Burnley,Championship,30,Sat,2025-02-01,15:00 (16:00),Portsmouth,0–0,Burnley,20381,Fratton Park,David Webb,/en/matches/3e641a82/Portsmouth-Burnley-February-1-2025-Championship,,3e641a82
ENG-Championship,2425,2025-02-01 Sheffield Weds-Luton Town,Championship,30,Sat,2025-02-01,15:00 (16:00),Sheffield Weds,1–1,Luton Town,27437,Hillsborough Stadium,Ben Toner,/en/matches/46eb866c/Sheffield-Wednesday-Luton-Town-February-1-2025-Championship,,46eb866c
ENG-Championship,2425,2025-02-01 Swansea City-Coventry City,Championship,30,Sat,2025-02-01,15:00 (16:00),Swansea City,0–2,Coventry City,15189,Swansea.com Stadium,Samuel Allison,/en/matches/5c204e63/Swansea-City-Coventry-City-February-1-2025-Championship,,5c204e63
ENG-Championship,2425,2025-02-01 Watford-Norwich City,Championship,30,Sat,2025-02-01,12:30 (13:30),Watford,0–1,Norwich City,19774,Vicarage Road Stadium,Lewis Smith,/en/matches/c6bc68a0/Watford-Norwich-City-February-1-2025-Championship,,c6bc68a0
ENG-Championship,2425,2025-02-03 Middlesbrough-Sunderland,Championship,30,Mon,2025-02-03,20:00 (21:00),Middlesbrough,2–3,Sunderland,29161,Riverside Stadium,Stephen Martin,/en/matches/44a22bbe/Middlesbrough-Sunderland-February-3-2025-Championship,,44a22bbe
ENG-Championship,2425,2025-02-04 Burnley-Oxford United,Championship,31,Tue,2025-02-04,19:45 (20:45),Burnley,1–0,Oxford United,18187,Turf Moor,James Bell,/en/matches/d199c9ed/Burnley-Oxford-United-February-4-2025-Championship,,d199c9ed
ENG-Championship,2425,2025-02-04 QPR-Blackburn,Championship,31,Tue,2025-02-04,19:45 (20:45),QPR,2–1,Blackburn,13571,MATRADE Loftus Road Stadium,James Linington,/en/matches/cb595c0c/Queens-Park-Rangers-Blackburn-Rovers-February-4-2025-Championship,,cb595c0c
ENG-Championship,2425,2025-02-05 Coventry City-Leeds United,Championship,31,Wed,2025-02-05,19:45 (20:45),Coventry City,0–2,Leeds United,28008,Coventry Building Society Arena,Dean Whitestone,/en/matches/52113d47/Coventry-City-Leeds-United-February-5-2025-Championship,,52113d47
ENG-Championship,2425,2025-02-08 Norwich City-Derby County,Championship,31,Sat,2025-02-08,15:00 (16:00),Norwich City,1–1,Derby County,26584,Carrow Road,Ruebyn Ricardo,/en/matches/30d7eb6e/Norwich-City-Derby-County-February-8-2025-Championship,,30d7eb6e
ENG-Championship,2425,2025-02-08 Sheffield United-Portsmouth,Championship,31,Sat,2025-02-08,15:00 (16:00),Sheffield United,2–1,Portsmouth,29104,Bramall Lane,Oliver Langford,/en/matches/fd5d22fc/Sheffield-United-Portsmouth-February-8-2025-Championship,,fd5d22fc
ENG-Championship,2425,2025-02-08 Sunderland-Watford,Championship,31,Sat,2025-02-08,12:30 (13:30),Sunderland,2–2,Watford,41329,Stadium of Light,Robert Jones,/en/matches/754becae/Sunderland-Watford-February-8-2025-Championship,,754becae
ENG-Championship,2425,2025-02-08 West Brom-Sheffield Weds,Championship,31,Sat,2025-02-08,12:30 (13:30),West Brom,2–1,Sheffield Weds,25452,The Hawthorns,Tom Nield,/en/matches/6415ea58/West-Bromwich-Albion-Sheffield-Wednesday-February-8-2025-Championship,,6415ea58
ENG-Championship,2425,2025-02-09 Bristol City-Swansea City,Championship,31,Sun,2025-02-09,12:00 (13:00),Bristol City,0–1,Swansea City,21554,Ashton Gate Stadium,John Busby,/en/matches/90efef14/Bristol-City-Swansea-City-February-9-2025-Championship,,90efef14
ENG-Championship,2425,2025-02-11 Coventry City-QPR,Championship,32,Tue,2025-02-11,19:45 (20:45),Coventry City,1–0,QPR,24600,Coventry Building Society Arena,Will Finnie,/en/matches/a8d666ff/Coventry-City-Queens-Park-Rangers-February-11-2025-Championship,,a8d666ff
ENG-Championship,2425,2025-02-11 Derby County-Oxford United,Championship,32,Tue,2025-02-11,19:45 (20:45),Derby County,0–0,Oxford United,25999,Pride Park Stadium,Stephen Martin,/en/matches/dcf356c3/Derby-County-Oxford-United-February-11-2025-Championship,,dcf356c3
ENG-Championship,2425,2025-02-11 Norwich City-Preston,Championship,32,Tue,2025-02-11,20:00 (21:00),Norwich City,0–1,Preston,25910,Carrow Road,Gavin Ward,/en/matches/665065cf/Norwich-City-Preston-North-End-February-11-2025-Championship,,665065cf
ENG-Championship,2425,2025-02-11 Portsmouth-Cardiff City,Championship,32,Tue,2025-02-11,19:45 (20:45),Portsmouth,2–1,Cardiff City,20251,Fratton Park,Tom Nield,/en/matches/22056835/Portsmouth-Cardiff-City-February-11-2025-Championship,,22056835
ENG-Championship,2425,2025-02-11 Watford-Leeds United,Championship,32,Tue,2025-02-11,19:45 (20:45),Watford,0–4,Leeds United,19582,Vicarage Road Stadium,Oliver Langford,/en/matches/40f0de2e/Watford-Leeds-United-February-11-2025-Championship,,40f0de2e
ENG-Championship,2425,2025-02-12 Bristol City-Stoke City,Championship,32,Wed,2025-02-12,19:45 (20:45),Bristol City,2–0,Stoke City,18457,Ashton Gate Stadium,James Bell,/en/matches/646bd382/Bristol-City-Stoke-City-February-12-2025-Championship,,646bd382
ENG-Championship,2425,2025-02-12 Burnley-Hull City,Championship,32,Wed,2025-02-12,19:45 (20:45),Burnley,2–0,Hull City,18987,Turf Moor,Samuel Allison,/en/matches/5fde3b3c/Burnley-Hull-City-February-12-2025-Championship,,5fde3b3c
ENG-Championship,2425,2025-02-12 Plymouth Argyle-Millwall,Championship,32,Wed,2025-02-12,19:45 (20:45),Plymouth Argyle,5–1,Millwall,15453,Home Park,Jeremy Simpson,/en/matches/2c690538/Plymouth-Argyle-Millwall-February-12-2025-Championship,,2c690538
ENG-Championship,2425,2025-02-12 Sheffield United-Middlesbrough,Championship,32,Wed,2025-02-12,20:00 (21:00),Sheffield United,3–1,Middlesbrough,27124,Bramall Lane,Matt Donohue,/en/matches/3971d9e9/Sheffield-United-Middlesbrough-February-12-2025-Championship,,3971d9e9
ENG-Championship,2425,2025-02-12 Sunderland-Luton Town,Championship,32,Wed,2025-02-12,19:45 (20:45),Sunderland,2–0,Luton Town,37929,Stadium of Light,John Busby,/en/matches/5abfcdd3/Sunderland-Luton-Town-February-12-2025-Championship,,5abfcdd3
ENG-Championship,2425,2025-02-12 Swansea City-Sheffield Weds,Championship,32,Wed,2025-02-12,19:45 (20:45),Swansea City,0–1,Sheffield Weds,14149,Swansea.com Stadium,Elliot Bell,/en/matches/940f7015/Swansea-City-Sheffield-Wednesday-February-12-2025-Championship,,940f7015
ENG-Championship,2425,2025-02-12 West Brom-Blackburn,Championship,32,Wed,2025-02-12,20:00 (21:00),West Brom,0–2,Blackburn,23305,The Hawthorns,David Webb,/en/matches/53f9e4e0/West-Bromwich-Albion-Blackburn-Rovers-February-12-2025-Championship,,53f9e4e0
ENG-Championship,2425,2025-02-14 QPR-Derby County,Championship,33,Fri,2025-02-14,20:00 (21:00),QPR,4–0,Derby County,16591,MATRADE Loftus Road Stadium,David Webb,/en/matches/4c4d1e26/Queens-Park-Rangers-Derby-County-February-14-2025-Championship,,4c4d1e26
ENG-Championship,2425,2025-02-15 Blackburn-Plymouth Argyle,Championship,33,Sat,2025-02-15,15:00 (16:00),Blackburn,2–0,Plymouth Argyle,14875,Ewood Park,Samuel Allison,/en/matches/83e4ecc0/Blackburn-Rovers-Plymouth-Argyle-February-15-2025-Championship,,83e4ecc0
ENG-Championship,2425,2025-02-15 Cardiff City-Bristol City,Championship,33,Sat,2025-02-15,12:30 (13:30),Cardiff City,1–1,Bristol City,22433,Cardiff City Stadium,Tony Harrington,/en/matches/dde41712/Cardiff-City-Bristol-City-February-15-2025-Championship,,dde41712
ENG-Championship,2425,2025-02-15 Hull City-Norwich City,Championship,33,Sat,2025-02-15,15:00 (16:00),Hull City,1–1,Norwich City,22141,MKM Stadium,Ben Toner,/en/matches/1482fce5/Hull-City-Norwich-City-February-15-2025-Championship,,1482fce5
ENG-Championship,2425,2025-02-15 Luton Town-Sheffield United,Championship,33,Sat,2025-02-15,15:00 (16:00),Luton Town,0–1,Sheffield United,11461,Kenilworth Road Stadium,Lewis Smith,/en/matches/ac64abef/Luton-Town-Sheffield-United-February-15-2025-Championship,,ac64abef
ENG-Championship,2425,2025-02-15 Middlesbrough-Watford,Championship,33,Sat,2025-02-15,15:00 (16:00),Middlesbrough,0–1,Watford,24326,Riverside Stadium,Adam Herczeg,/en/matches/9e120549/Middlesbrough-Watford-February-15-2025-Championship,,9e120549
ENG-Championship,2425,2025-02-15 Millwall-West Brom,Championship,33,Sat,2025-02-15,15:00 (16:00),Millwall,1–1,West Brom,15842,The Den,James Bell,/en/matches/3d8eee10/Millwall-West-Bromwich-Albion-February-15-2025-Championship,,3d8eee10
ENG-Championship,2425,2025-02-15 Oxford United-Portsmouth,Championship,33,Sat,2025-02-15,12:30 (13:30),Oxford United,0–2,Portsmouth,11423,The Kassam Stadium,Will Finnie,/en/matches/fb8a94c9/Oxford-United-Portsmouth-February-15-2025-Championship,,fb8a94c9
ENG-Championship,2425,2025-02-15 Preston-Burnley,Championship,33,Sat,2025-02-15,12:30 (13:30),Preston,0–0,Burnley,19864,Deepdale Stadium,Andrew Kitchen,/en/matches/5c8b7c80/Preston-North-End-Burnley-February-15-2025-Championship,,5c8b7c80
ENG-Championship,2425,2025-02-15 Sheffield Weds-Coventry City,Championship,33,Sat,2025-02-15,15:00 (16:00),Sheffield Weds,1–2,Coventry City,28121,Hillsborough Stadium,Joshua Smith,/en/matches/5fcc05ba/Sheffield-Wednesday-Coventry-City-February-15-2025-Championship,,5fcc05ba
ENG-Championship,2425,2025-02-15 Stoke City-Swansea City,Championship,33,Sat,2025-02-15,15:00 (16:00),Stoke City,3–1,Swansea City,21256,bet365 Stadium,Dean Whitestone,/en/matches/c15e28f0/Stoke-City-Swansea-City-February-15-2025-Championship,,c15e28f0
ENG-Championship,2425,2025-02-17 Leeds United-Sunderland,Championship,33,Mon,2025-02-17,20:00 (21:00),Leeds United,2–1,Sunderland,36804,Elland Road,Stuart Attwell,/en/matches/4c52d12d/Leeds-United-Sunderland-February-17-2025-Championship,,4c52d12d
ENG-Championship,2425,2025-02-18 Preston-Millwall,Championship,31,Tue,2025-02-18,19:45 (20:45),Preston,1–1,Millwall,13290,Deepdale Stadium,Matt Donohue,/en/matches/586785eb/Preston-North-End-Millwall-February-18-2025-Championship,,586785eb
ENG-Championship,2425,2025-02-19 Luton Town-Plymouth Argyle,Championship,31,Wed,2025-02-19,19:45 (20:45),Luton Town,1–1,Plymouth Argyle,11752,Kenilworth Road Stadium,James Linington,/en/matches/6f65986d/Luton-Town-Plymouth-Argyle-February-19-2025-Championship,,6f65986d
ENG-Championship,2425,2025-02-21 Bristol City-Middlesbrough,Championship,34,Fri,2025-02-21,19:45 (20:45),Bristol City,2–1,Middlesbrough,21894,Ashton Gate Stadium,Tom Nield,/en/matches/79a43370/Bristol-City-Middlesbrough-February-21-2025-Championship,,79a43370
ENG-Championship,2425,2025-02-21 Burnley-Sheffield Weds,Championship,34,Fri,2025-02-21,20:00 (21:00),Burnley,4–0,Sheffield Weds,20675,Turf Moor,Stephen Martin,/en/matches/d26a076b/Burnley-Sheffield-Wednesday-February-21-2025-Championship,,d26a076b
ENG-Championship,2425,2025-02-22 Coventry City-Preston,Championship,34,Sat,2025-02-22,15:00 (16:00),Coventry City,2–1,Preston,26493,Coventry Building Society Arena,Oliver Langford,/en/matches/9ba1a257/Coventry-City-Preston-North-End-February-22-2025-Championship,,9ba1a257
ENG-Championship,2425,2025-02-22 Derby County-Millwall,Championship,34,Sat,2025-02-22,12:30 (13:30),Derby County,0–1,Millwall,28321,Pride Park Stadium,Elliot Bell,/en/matches/bef12b49/Derby-County-Millwall-February-22-2025-Championship,,bef12b49
ENG-Championship,2425,2025-02-22 Norwich City-Stoke City,Championship,34,Sat,2025-02-22,15:00 (16:00),Norwich City,4–2,Stoke City,26267,Carrow Road,John Busby,/en/matches/e94b1f3b/Norwich-City-Stoke-City-February-22-2025-Championship,,e94b1f3b
ENG-Championship,2425,2025-02-22 Plymouth Argyle-Cardiff City,Championship,34,Sat,2025-02-22,12:30 (13:30),Plymouth Argyle,1–1,Cardiff City,16981,Home Park,James Bell,/en/matches/ca35285b/Plymouth-Argyle-Cardiff-City-February-22-2025-Championship,,ca35285b
ENG-Championship,2425,2025-02-22 Portsmouth-QPR,Championship,34,Sat,2025-02-22,15:00 (16:00),Portsmouth,2–1,QPR,20426,Fratton Park,Thomas Bramall,/en/matches/18c86aa7/Portsmouth-Queens-Park-Rangers-February-22-2025-Championship,,18c86aa7
ENG-Championship,2425,2025-02-22 Sunderland-Hull City,Championship,34,Sat,2025-02-22,12:30 (13:30),Sunderland,0–1,Hull City,44009,Stadium of Light,Farai Hallam,/en/matches/bd090a23/Sunderland-Hull-City-February-22-2025-Championship,,bd090a23
ENG-Championship,2425,2025-02-22 Swansea City-Blackburn,Championship,34,Sat,2025-02-22,15:00 (16:00),Swansea City,3–0,Blackburn,13788,Swansea.com Stadium,Gavin Ward,/en/matches/b9838a91/Swansea-City-Blackburn-Rovers-February-22-2025-Championship,,b9838a91
ENG-Championship,2425,2025-02-22 West Brom-Oxford United,Championship,34,Sat,2025-02-22,15:00 (16:00),West Brom,2–0,Oxford United,25951,The Hawthorns,Samuel Allison,/en/matches/e2ff48d9/West-Bromwich-Albion-Oxford-United-February-22-2025-Championship,,e2ff48d9
ENG-Championship,2425,2025-02-23 Watford-Luton Town,Championship,34,Sun,2025-02-23,12:00 (13:00),Watford,2–0,Luton Town,20252,Vicarage Road Stadium,Andrew Kitchen,/en/matches/1957403a/Watford-Luton-Town-February-23-2025-Championship,,1957403a
ENG-Championship,2425,2025-02-24 Sheffield United-Leeds United,Championship,34,Mon,2025-02-24,20:00 (21:00),Sheffield United,1–3,Leeds United,29702,Bramall Lane,David Webb,/en/matches/e31a61c1/Sheffield-United-Leeds-United-February-24-2025-Championship,,e31a61c1
ENG-Championship,2425,2025-02-25 Cardiff City-Hull City,Championship,31,Tue,2025-02-25,19:45 (20:45),Cardiff City,1–0,Hull City,16622,Cardiff City Stadium,Thomas Kirk,/en/matches/bfca1fbf/Cardiff-City-Hull-City-February-25-2025-Championship,,bfca1fbf
ENG-Championship,2425,2025-02-25 Stoke City-Middlesbrough,Championship,31,Tue,2025-02-25,19:45 (20:45),Stoke City,1–3,Middlesbrough,20141,bet365 Stadium,Andrew Davies,/en/matches/f1e28b1b/Stoke-City-Middlesbrough-February-25-2025-Championship,,f1e28b1b
ENG-Championship,2425,2025-02-28 Sheffield Weds-Sunderland,Championship,35,Fri,2025-02-28,20:00 (21:00),Sheffield Weds,1–2,Sunderland,27954,Hillsborough Stadium,Will Finnie,/en/matches/21d09548/Sheffield-Wednesday-Sunderland-February-28-2025-Championship,,21d09548
ENG-Championship,2425,2025-03-01 Blackburn-Norwich City,Championship,35,Sat,2025-03-01,12:30 (13:30),Blackburn,1–1,Norwich City,14240,Ewood Park,Leigh Doughty,/en/matches/58f69ae9/Blackburn-Rovers-Norwich-City-March-1-2025-Championship,,58f69ae9
ENG-Championship,2425,2025-03-01 Leeds United-West Brom,Championship,35,Sat,2025-03-01,12:30 (13:30),Leeds United,1–1,West Brom,36705,Elland Road,Farai Hallam,/en/matches/ea38fe7d/Leeds-United-West-Bromwich-Albion-March-1-2025-Championship,,ea38fe7d
ENG-Championship,2425,2025-03-01 Luton Town-Portsmouth,Championship,35,Sat,2025-03-01,15:00 (16:00),Luton Town,1–0,Portsmouth,11662,Kenilworth Road Stadium,Samuel Allison,/en/matches/456d45f3/Luton-Town-Portsmouth-March-1-2025-Championship,,456d45f3
ENG-Championship,2425,2025-03-01 Middlesbrough-Derby County,Championship,35,Sat,2025-03-01,15:00 (16:00),Middlesbrough,1–0,Derby County,25839,Riverside Stadium,Gavin Ward,/en/matches/56fe2e0e/Middlesbrough-Derby-County-March-1-2025-Championship,,56fe2e0e
ENG-Championship,2425,2025-03-01 Oxford United-Coventry City,Championship,35,Sat,2025-03-01,12:30 (13:30),Oxford United,2–3,Coventry City,11405,The Kassam Stadium,Jeremy Simpson,/en/matches/ec2c8f92/Oxford-United-Coventry-City-March-1-2025-Championship,,ec2c8f92
ENG-Championship,2425,2025-03-01 QPR-Sheffield United,Championship,35,Sat,2025-03-01,15:00 (16:00),QPR,1–2,Sheffield United,17346,MATRADE Loftus Road Stadium,Thomas Kirk,/en/matches/eda542fe/Queens-Park-Rangers-Sheffield-United-March-1-2025-Championship,,eda542fe
ENG-Championship,2425,2025-03-01 Stoke City-Watford,Championship,35,Sat,2025-03-01,15:00 (16:00),Stoke City,0–0,Watford,21894,bet365 Stadium,Tom Nield,/en/matches/312652e5/Stoke-City-Watford-March-1-2025-Championship,,312652e5
ENG-Championship,2425,2025-03-04 Cardiff City-Burnley,Championship,35,Tue,2025-03-04,19:45 (20:45),Cardiff City,1–2,Burnley,15713,Cardiff City Stadium,James Linington,/en/matches/fa6aac7d/Cardiff-City-Burnley-March-4-2025-Championship,,fa6aac7d
ENG-Championship,2425,2025-03-04 Hull City-Plymouth Argyle,Championship,35,Tue,2025-03-04,19:45 (20:45),Hull City,2–0,Plymouth Argyle,18772,MKM Stadium,Andrew Davies,/en/matches/f7459d88/Hull-City-Plymouth-Argyle-March-4-2025-Championship,,f7459d88
ENG-Championship,2425,2025-03-04 Millwall-Bristol City,Championship,35,Tue,2025-03-04,19:45 (20:45),Millwall,0–2,Bristol City,12380,The Den,Matt Donohue,/en/matches/de5cb18a/Millwall-Bristol-City-March-4-2025-Championship,,de5cb18a
ENG-Championship,2425,2025-03-04 Preston-Swansea City,Championship,35,Tue,2025-03-04,19:45 (20:45),Preston,0–0,Swansea City,12838,Deepdale Stadium,Stephen Martin,/en/matches/f04ca2f0/Preston-North-End-Swansea-City-March-4-2025-Championship,,f04ca2f0
ENG-Championship,2425,2025-03-07 Norwich City-Oxford United,Championship,36,Fri,2025-03-07,20:00 (21:00),Norwich City,1–1,Oxford United,25996,Carrow Road,James Bell,/en/matches/fc270c88/Norwich-City-Oxford-United-March-7-2025-Championship,,fc270c88
ENG-Championship,2425,2025-03-08 Bristol City-Hull City,Championship,36,Sat,2025-03-08,15:00 (16:00),Bristol City,1–1,Hull City,21754,Ashton Gate Stadium,James Linington,/en/matches/39a87866/Bristol-City-Hull-City-March-8-2025-Championship,,39a87866
ENG-Championship,2425,2025-03-08 Burnley-Luton Town,Championship,36,Sat,2025-03-08,15:00 (16:00),Burnley,4–0,Luton Town,18843,Turf Moor,Stephen Martin,/en/matches/3cda1eda/Burnley-Luton-Town-March-8-2025-Championship,,3cda1eda
ENG-Championship,2425,2025-03-08 Coventry City-Stoke City,Championship,36,Sat,2025-03-08,12:30 (13:30),Coventry City,3–2,Stoke City,30011,Coventry Building Society Arena,David Webb,/en/matches/ad234706/Coventry-City-Stoke-City-March-8-2025-Championship,,ad234706
ENG-Championship,2425,2025-03-08 Derby County-Blackburn,Championship,36,Sat,2025-03-08,15:00 (16:00),Derby County,2–1,Blackburn,29753,Pride Park Stadium,Andrew Kitchen,/en/matches/b8a3a8bc/Derby-County-Blackburn-Rovers-March-8-2025-Championship,,b8a3a8bc
ENG-Championship,2425,2025-03-08 Plymouth Argyle-Sheffield Weds,Championship,36,Sat,2025-03-08,15:00 (16:00),Plymouth Argyle,0–3,Sheffield Weds,16981,Home Park,Ben Toner,/en/matches/cdb29532/Plymouth-Argyle-Sheffield-Wednesday-March-8-2025-Championship,,cdb29532
ENG-Championship,2425,2025-03-08 Sheffield United-Preston,Championship,36,Sat,2025-03-08,15:00 (16:00),Sheffield United,1–0,Preston,27136,Bramall Lane,John Busby,/en/matches/ad4b81c9/Sheffield-United-Preston-North-End-March-8-2025-Championship,,ad4b81c9
ENG-Championship,2425,2025-03-08 Sunderland-Cardiff City,Championship,36,Sat,2025-03-08,15:00 (16:00),Sunderland,2–1,Cardiff City,40066,Stadium of Light,Darren Bond,/en/matches/8aad9013/Sunderland-Cardiff-City-March-8-2025-Championship,,8aad9013
ENG-Championship,2425,2025-03-08 Swansea City-Middlesbrough,Championship,36,Sat,2025-03-08,15:00 (16:00),Swansea City,1–0,Middlesbrough,13986,Swansea.com Stadium,Ruebyn Ricardo,/en/matches/7c6242bf/Swansea-City-Middlesbrough-March-8-2025-Championship,,7c6242bf
ENG-Championship,2425,2025-03-08 Watford-Millwall,Championship,36,Sat,2025-03-08,12:30 (13:30),Watford,1–2,Millwall,20031,Vicarage Road Stadium,Gavin Ward,/en/matches/2506e1ff/Watford-Millwall-March-8-2025-Championship,,2506e1ff
ENG-Championship,2425,2025-03-08 West Brom-QPR,Championship,36,Sat,2025-03-08,15:00 (16:00),West Brom,1–0,QPR,25310,The Hawthorns,Adam Herczeg,/en/matches/348c4e52/West-Bromwich-Albion-Queens-Park-Rangers-March-8-2025-Championship,,348c4e52
ENG-Championship,2425,2025-03-09 Portsmouth-Leeds United,Championship,36,Sun,2025-03-09,12:00 (13:00),Portsmouth,1–0,Leeds United,20314,Fratton Park,Robert Jones,/en/matches/72e61aac/Portsmouth-Leeds-United-March-9-2025-Championship,,72e61aac
ENG-Championship,2425,2025-03-11 Burnley-West Brom,Championship,37,Tue,2025-03-11,19:45 (20:45),Burnley,1–1,West Brom,18843,Turf Moor,Gavin Ward,/en/matches/2800520b/Burnley-West-Bromwich-Albion-March-11-2025-Championship,,2800520b
ENG-Championship,2425,2025-03-11 Cardiff City-Luton Town,Championship,37,Tue,2025-03-11,19:45 (20:45),Cardiff City,1–2,Luton Town,16641,Cardiff City Stadium,Andrew Davies,/en/matches/488aece8/Cardiff-City-Luton-Town-March-11-2025-Championship,,488aece8
ENG-Championship,2425,2025-03-11 Derby County-Coventry City,Championship,37,Tue,2025-03-11,19:45 (20:45),Derby County,2–0,Coventry City,28879,Pride Park Stadium,Samuel Allison,/en/matches/5285eea3/Derby-County-Coventry-City-March-11-2025-Championship,,5285eea3
ENG-Championship,2425,2025-03-11 Middlesbrough-QPR,Championship,37,Tue,2025-03-11,19:45 (20:45),Middlesbrough,2–1,QPR,22177,Riverside Stadium,David Webb,/en/matches/98d5f553/Middlesbrough-Queens-Park-Rangers-March-11-2025-Championship,,98d5f553
ENG-Championship,2425,2025-03-11 Norwich City-Sheffield Weds,Championship,37,Tue,2025-03-11,19:45 (20:45),Norwich City,2–3,Sheffield Weds,25498,Carrow Road,Ben Speedie,/en/matches/55353ce6/Norwich-City-Sheffield-Wednesday-March-11-2025-Championship,,55353ce6
ENG-Championship,2425,2025-03-11 Sheffield United-Bristol City,Championship,37,Tue,2025-03-11,20:00 (21:00),Sheffield United,1–1,Bristol City,25070,Bramall Lane,Stephen Martin,/en/matches/92af7be1/Sheffield-United-Bristol-City-March-11-2025-Championship,,92af7be1
ENG-Championship,2425,2025-03-11 Sunderland-Preston,Championship,37,Tue,2025-03-11,19:45 (20:45),Sunderland,1–1,Preston,37731,Stadium of Light,Lewis Smith,/en/matches/fd10594b/Sunderland-Preston-North-End-March-11-2025-Championship,,fd10594b
ENG-Championship,2425,2025-03-12 Hull City-Oxford United,Championship,37,Wed,2025-03-12,19:45 (20:45),Hull City,2–1,Oxford United,19024,MKM Stadium,Joshua Smith,/en/matches/df15d048/Hull-City-Oxford-United-March-12-2025-Championship,,df15d048
ENG-Championship,2425,2025-03-12 Leeds United-Millwall,Championship,37,Wed,2025-03-12,19:45 (20:45),Leeds United,2–0,Millwall,34401,Elland Road,Dean Whitestone,/en/matches/e5996b49/Leeds-United-Millwall-March-12-2025-Championship,,e5996b49
ENG-Championship,2425,2025-03-12 Portsmouth-Plymouth Argyle,Championship,37,Wed,2025-03-12,19:45 (20:45),Portsmouth,1–2,Plymouth Argyle,20394,Fratton Park,Matt Donohue,/en/matches/3e113b55/Portsmouth-Plymouth-Argyle-March-12-2025-Championship,,3e113b55
ENG-Championship,2425,2025-03-12 Stoke City-Blackburn,Championship,37,Wed,2025-03-12,20:00 (21:00),Stoke City,1–0,Blackburn,20194,bet365 Stadium,Farai Hallam,/en/matches/28bb9091/Stoke-City-Blackburn-Rovers-March-12-2025-Championship,,28bb9091
ENG-Championship,2425,2025-03-12 Watford-Swansea City,Championship,37,Wed,2025-03-12,19:45 (20:45),Watford,1–0,Swansea City,16739,Vicarage Road Stadium,Jeremy Simpson,/en/matches/44fc2117/Watford-Swansea-City-March-12-2025-Championship,,44fc2117
ENG-Championship,2425,2025-03-14 Bristol City-Norwich City,Championship,38,Fri,2025-03-14,20:00 (21:00),Bristol City,2–1,Norwich City,21237,Ashton Gate Stadium,Samuel Allison,/en/matches/5caf91c2/Bristol-City-Norwich-City-March-14-2025-Championship,,5caf91c2
ENG-Championship,2425,2025-03-15 Blackburn-Cardiff City,Championship,38,Sat,2025-03-15,15:00 (16:00),Blackburn,1–2,Cardiff City,13456,Ewood Park,Adam Herczeg,/en/matches/8b8d7d61/Blackburn-Rovers-Cardiff-City-March-15-2025-Championship,,8b8d7d61
ENG-Championship,2425,2025-03-15 Coventry City-Sunderland,Championship,38,Sat,2025-03-15,15:00 (16:00),Coventry City,3–0,Sunderland,30219,Coventry Building Society Arena,Dean Whitestone,/en/matches/78cd2156/Coventry-City-Sunderland-March-15-2025-Championship,,78cd2156
ENG-Championship,2425,2025-03-15 Luton Town-Middlesbrough,Championship,38,Sat,2025-03-15,15:00 (16:00),Luton Town,0–0,Middlesbrough,11815,Kenilworth Road Stadium,Farai Hallam,/en/matches/d6e445c7/Luton-Town-Middlesbrough-March-15-2025-Championship,,d6e445c7
ENG-Championship,2425,2025-03-15 Millwall-Stoke City,Championship,38,Sat,2025-03-15,12:30 (13:30),Millwall,1–0,Stoke City,16799,The Den,Andrew Davies,/en/matches/36547e5f/Millwall-Stoke-City-March-15-2025-Championship,,36547e5f
ENG-Championship,2425,2025-03-15 Oxford United-Watford,Championship,38,Sat,2025-03-15,15:00 (16:00),Oxford United,1–0,Watford,11535,The Kassam Stadium,Robert Madley,/en/matches/29ce02a8/Oxford-United-Watford-March-15-2025-Championship,,29ce02a8
ENG-Championship,2425,2025-03-15 Plymouth Argyle-Derby County,Championship,38,Sat,2025-03-15,15:00 (16:00),Plymouth Argyle,2–3,Derby County,16978,Home Park,John Busby,/en/matches/1adcc16e/Plymouth-Argyle-Derby-County-March-15-2025-Championship,,1adcc16e
ENG-Championship,2425,2025-03-15 Preston-Portsmouth,Championship,38,Sat,2025-03-15,15:00 (16:00),Preston,2–1,Portsmouth,17240,Deepdale Stadium,Tony Harrington,/en/matches/d7f4d1f6/Preston-North-End-Portsmouth-March-15-2025-Championship,,d7f4d1f6
ENG-Championship,2425,2025-03-15 QPR-Leeds United,Championship,38,Sat,2025-03-15,12:30 (13:30),QPR,2–2,Leeds United,17457,MATRADE Loftus Road Stadium,Tim Robinson,/en/matches/6b09adaa/Queens-Park-Rangers-Leeds-United-March-15-2025-Championship,,6b09adaa
ENG-Championship,2425,2025-03-15 Swansea City-Burnley,Championship,38,Sat,2025-03-15,15:00 (16:00),Swansea City,0–2,Burnley,13679,Swansea.com Stadium,Oliver Langford,/en/matches/0630637f/Swansea-City-Burnley-March-15-2025-Championship,,0630637f
ENG-Championship,2425,2025-03-15 West Brom-Hull City,Championship,38,Sat,2025-03-15,15:00 (16:00),West Brom,1–1,Hull City,24870,The Hawthorns,Jeremy Simpson,/en/matches/d580fda4/West-Bromwich-Albion-Hull-City-March-15-2025-Championship,,d580fda4
ENG-Championship,2425,2025-03-16 Sheffield Weds-Sheffield United,Championship,38,Sun,2025-03-16,12:30 (13:30),Sheffield Weds,0–1,Sheffield United,33827,Hillsborough Stadium,Andrew Kitchen,/en/matches/672cd8bb/Sheffield-Wednesday-Sheffield-United-March-16-2025-Championship,,672cd8bb
ENG-Championship,2425,2025-03-28 Sheffield United-Coventry City,Championship,39,Fri,2025-03-28,20:00 (21:00),Sheffield United,3–1,Coventry City,30803,Bramall Lane,Oliver Langford,/en/matches/69f33790/Sheffield-United-Coventry-City-March-28-2025-Championship,,69f33790
ENG-Championship,2425,2025-03-29 Burnley-Bristol City,Championship,39,Sat,2025-03-29,15:00 (16:00),Burnley,1–0,Bristol City,20523,Turf Moor,Andrew Kitchen,/en/matches/d86286e2/Burnley-Bristol-City-March-29-2025-Championship,,d86286e2
ENG-Championship,2425,2025-03-29 Cardiff City-Sheffield Weds,Championship,39,Sat,2025-03-29,15:00 (16:00),Cardiff City,1–1,Sheffield Weds,15758,Cardiff City Stadium,Samuel Allison,/en/matches/006cb0da/Cardiff-City-Sheffield-Wednesday-March-29-2025-Championship,,006cb0da
ENG-Championship,2425,2025-03-29 Hull City-Luton Town,Championship,39,Sat,2025-03-29,12:30 (13:30),Hull City,0–1,Luton Town,23005,MKM Stadium,Darren Bond,/en/matches/f72d25de/Hull-City-Luton-Town-March-29-2025-Championship,,f72d25de
ENG-Championship,2425,2025-03-29 Leeds United-Swansea City,Championship,39,Sat,2025-03-29,15:00 (16:00),Leeds United,2–2,Swansea City,35574,Elland Road,Ben Toner,/en/matches/85f34678/Leeds-United-Swansea-City-March-29-2025-Championship,,85f34678
ENG-Championship,2425,2025-03-29 Middlesbrough-Oxford United,Championship,39,Sat,2025-03-29,15:00 (16:00),Middlesbrough,2–1,Oxford United,24624,Riverside Stadium,Matt Donohue,/en/matches/bba2ba88/Middlesbrough-Oxford-United-March-29-2025-Championship,,bba2ba88
ENG-Championship,2425,2025-03-29 Norwich City-West Brom,Championship,39,Sat,2025-03-29,15:00 (16:00),Norwich City,1–0,West Brom,26707,Carrow Road,David Webb,/en/matches/d9a8daac/Norwich-City-West-Bromwich-Albion-March-29-2025-Championship,,d9a8daac
ENG-Championship,2425,2025-03-29 Portsmouth-Blackburn,Championship,39,Sat,2025-03-29,15:00 (16:00),Portsmouth,1–0,Blackburn,20342,Fratton Park,Jeremy Simpson,/en/matches/a48a14ae/Portsmouth-Blackburn-Rovers-March-29-2025-Championship,,a48a14ae
ENG-Championship,2425,2025-03-29 Stoke City-QPR,Championship,39,Sat,2025-03-29,15:00 (16:00),Stoke City,3–1,QPR,23192,bet365 Stadium,Tony Harrington,/en/matches/e0b67b63/Stoke-City-Queens-Park-Rangers-March-29-2025-Championship,,e0b67b63
ENG-Championship,2425,2025-03-29 Sunderland-Millwall,Championship,39,Sat,2025-03-29,15:00 (16:00),Sunderland,1–0,Millwall,41762,Stadium of Light,Robert Madley,/en/matches/bab3cde7/Sunderland-Millwall-March-29-2025-Championship,,bab3cde7
ENG-Championship,2425,2025-03-29 Watford-Plymouth Argyle,Championship,39,Sat,2025-03-29,12:30 (13:30),Watford,0–0,Plymouth Argyle,19545,Vicarage Road Stadium,Ruebyn Ricardo,/en/matches/65e2d8c1/Watford-Plymouth-Argyle-March-29-2025-Championship,,65e2d8c1
ENG-Championship,2425,2025-04-02 Derby County-Preston,Championship,39,Wed,2025-04-02,19:45,Derby County,2–0,Preston,26014,Pride Park Stadium,Stephen Martin,/en/matches/e5f0b0a5/Derby-County-Preston-North-End-April-2-2025-Championship,,e5f0b0a5
ENG-Championship,2425,2025-04-04 Blackburn-Middlesbrough,Championship,40,Fri,2025-04-04,20:00,Blackburn,0–2,Middlesbrough,15638,Ewood Park,John Busby,/en/matches/73491ffb/Blackburn-Rovers-Middlesbrough-April-4-2025-Championship,,73491ffb
ENG-Championship,2425,2025-04-05 Bristol City-Watford,Championship,40,Sat,2025-04-05,15:00,Bristol City,2–1,Watford,22505,Ashton Gate Stadium,Darren Bond,/en/matches/4dacf49d/Bristol-City-Watford-April-5-2025-Championship,,4dacf49d
ENG-Championship,2425,2025-04-05 Coventry City-Burnley,Championship,40,Sat,2025-04-05,12:30,Coventry City,1–2,Burnley,28704,Coventry Building Society Arena,James Bell,/en/matches/99b80154/Coventry-City-Burnley-April-5-2025-Championship,,99b80154
ENG-Championship,2425,2025-04-05 Luton Town-Leeds United,Championship,40,Sat,2025-04-05,12:30,Luton Town,1–1,Leeds United,11867,Kenilworth Road Stadium,Thomas Bramall,/en/matches/f9469484/Luton-Town-Leeds-United-April-5-2025-Championship,,f9469484
ENG-Championship,2425,2025-04-05 Millwall-Portsmouth,Championship,40,Sat,2025-04-05,15:00,Millwall,2–1,Portsmouth,16913,The Den,Ben Toner,/en/matches/40b21c1e/Millwall-Portsmouth-April-5-2025-Championship,,40b21c1e
ENG-Championship,2425,2025-04-05 Oxford United-Sheffield United,Championship,40,Sat,2025-04-05,15:00,Oxford United,1–0,Sheffield United,11496,The Kassam Stadium,James Linington,/en/matches/bcc58133/Oxford-United-Sheffield-United-April-5-2025-Championship,,bcc58133
ENG-Championship,2425,2025-04-05 Plymouth Argyle-Norwich City,Championship,40,Sat,2025-04-05,15:00,Plymouth Argyle,2–1,Norwich City,15560,Home Park,Gavin Ward,/en/matches/0c6cd5e5/Plymouth-Argyle-Norwich-City-April-5-2025-Championship,,0c6cd5e5
ENG-Championship,2425,2025-04-05 Preston-Stoke City,Championship,40,Sat,2025-04-05,15:00,Preston,1–1,Stoke City,17341,Deepdale Stadium,Farai Hallam,/en/matches/e2500563/Preston-North-End-Stoke-City-April-5-2025-Championship,,e2500563
ENG-Championship,2425,2025-04-05 QPR-Cardiff City,Championship,40,Sat,2025-04-05,15:00,QPR,0–0,Cardiff City,17066,MATRADE Loftus Road Stadium,Dean Whitestone,/en/matches/0082c8c9/Queens-Park-Rangers-Cardiff-City-April-5-2025-Championship,,0082c8c9
ENG-Championship,2425,2025-04-05 Sheffield Weds-Hull City,Championship,40,Sat,2025-04-05,15:00,Sheffield Weds,0–1,Hull City,27342,Hillsborough Stadium,Oliver Langford,/en/matches/b804041c/Sheffield-Wednesday-Hull-City-April-5-2025-Championship,,b804041c
ENG-Championship,2425,2025-04-05 Swansea City-Derby County,Championship,40,Sat,2025-04-05,15:00,Swansea City,1–0,Derby County,16501,Swansea.com Stadium,Andrew Davies,/en/matches/47f297e6/Swansea-City-Derby-County-April-5-2025-Championship,,47f297e6
ENG-Championship,2425,2025-04-05 West Brom-Sunderland,Championship,40,Sat,2025-04-05,12:30,West Brom,0–1,Sunderland,25918,The Hawthorns,Tom Nield,/en/matches/70cb87c6/West-Bromwich-Albion-Sunderland-April-5-2025-Championship,,70cb87c6
ENG-Championship,2425,2025-04-08 Blackburn-Sheffield Weds,Championship,41,Tue,2025-04-08,19:45,Blackburn,2–2,Sheffield Weds,15575,Ewood Park,Will Finnie,/en/matches/ee95ce7f/Blackburn-Rovers-Sheffield-Wednesday-April-8-2025-Championship,,ee95ce7f
ENG-Championship,2425,2025-04-08 Bristol City-West Brom,Championship,41,Tue,2025-04-08,19:45,Bristol City,2–1,West Brom,24734,Ashton Gate Stadium,Matt Donohue,/en/matches/d27a7302/Bristol-City-West-Bromwich-Albion-April-8-2025-Championship,,d27a7302
ENG-Championship,2425,2025-04-08 Derby County-Burnley,Championship,41,Tue,2025-04-08,19:45,Derby County,0–0,Burnley,27584,Pride Park Stadium,Robert Madley,/en/matches/61bafc4b/Derby-County-Burnley-April-8-2025-Championship,,61bafc4b
ENG-Championship,2425,2025-04-08 Middlesbrough-Leeds United,Championship,41,Tue,2025-04-08,20:00,Middlesbrough,0–1,Leeds United,28729,Riverside Stadium,Andrew Kitchen,/en/matches/a9cefab7/Middlesbrough-Leeds-United-April-8-2025-Championship,,a9cefab7
ENG-Championship,2425,2025-04-08 Norwich City-Sunderland,Championship,41,Tue,2025-04-08,19:45,Norwich City,0–0,Sunderland,26320,Carrow Road,Jeremy Simpson,/en/matches/753559ac/Norwich-City-Sunderland-April-8-2025-Championship,,753559ac
ENG-Championship,2425,2025-04-08 Preston-Cardiff City,Championship,41,Tue,2025-04-08,19:45,Preston,2–2,Cardiff City,13293,Deepdale Stadium,David Webb,/en/matches/6adc522c/Preston-North-End-Cardiff-City-April-8-2025-Championship,,6adc522c
ENG-Championship,2425,2025-04-08 Sheffield United-Millwall,Championship,41,Tue,2025-04-08,19:45,Sheffield United,0–1,Millwall,25775,Bramall Lane,Samuel Allison,/en/matches/ca321728/Sheffield-United-Millwall-April-8-2025-Championship,,ca321728
ENG-Championship,2425,2025-04-08 Stoke City-Luton Town,Championship,41,Tue,2025-04-08,19:45,Stoke City,1–1,Luton Town,21226,bet365 Stadium,Dean Whitestone,/en/matches/3ae95ae5/Stoke-City-Luton-Town-April-8-2025-Championship,,3ae95ae5
ENG-Championship,2425,2025-04-08 Watford-Hull City,Championship,41,Tue,2025-04-08,19:45,Watford,1–0,Hull City,17268,Vicarage Road Stadium,James Bell,/en/matches/775936ee/Watford-Hull-City-April-8-2025-Championship,,775936ee
ENG-Championship,2425,2025-04-09 Coventry City-Portsmouth,Championship,41,Wed,2025-04-09,20:00,Coventry City,1–0,Portsmouth,28411,Coventry Building Society Arena,Gavin Ward,/en/matches/659fa4c7/Coventry-City-Portsmouth-April-9-2025-Championship,,659fa4c7
ENG-Championship,2425,2025-04-09 Oxford United-QPR,Championship,41,Wed,2025-04-09,19:45,Oxford United,1–3,QPR,11509,The Kassam Stadium,Elliot Bell,/en/matches/23ae8663/Oxford-United-Queens-Park-Rangers-April-9-2025-Championship,,23ae8663
ENG-Championship,2425,2025-04-09 Swansea City-Plymouth Argyle,Championship,41,Wed,2025-04-09,19:45,Swansea City,3–0,Plymouth Argyle,14978,Swansea.com Stadium,Stephen Martin,/en/matches/36c37df0/Swansea-City-Plymouth-Argyle-April-9-2025-Championship,,36c37df0
ENG-Championship,2425,2025-04-11 Burnley-Norwich City,Championship,42,Fri,2025-04-11,20:00,Burnley,2–1,Norwich City,19030,Turf Moor,Tony Harrington,/en/matches/b0e44312/Burnley-Norwich-City-April-11-2025-Championship,,b0e44312
ENG-Championship,2425,2025-04-12 Cardiff City-Stoke City,Championship,42,Sat,2025-04-12,15:00,Cardiff City,0–1,Stoke City,20658,Cardiff City Stadium,Michael Salisbury,/en/matches/4fe28233/Cardiff-City-Stoke-City-April-12-2025-Championship,,4fe28233
ENG-Championship,2425,2025-04-12 Leeds United-Preston,Championship,42,Sat,2025-04-12,12:30,Leeds United,2–1,Preston,35747,Elland Road,John Busby,/en/matches/216c2d61/Leeds-United-Preston-North-End-April-12-2025-Championship,,216c2d61
ENG-Championship,2425,2025-04-12 Luton Town-Blackburn,Championship,42,Sat,2025-04-12,15:00,Luton Town,0–1,Blackburn,11552,Kenilworth Road Stadium,David Webb,/en/matches/bfa310fb/Luton-Town-Blackburn-Rovers-April-12-2025-Championship,,bfa310fb
ENG-Championship,2425,2025-04-12 Millwall-Middlesbrough,Championship,42,Sat,2025-04-12,15:00,Millwall,1–0,Middlesbrough,17523,The Den,Tom Nield,/en/matches/02f0ebee/Millwall-Middlesbrough-April-12-2025-Championship,,02f0ebee
ENG-Championship,2425,2025-04-12 Plymouth Argyle-Sheffield United,Championship,42,Sat,2025-04-12,12:30,Plymouth Argyle,2–1,Sheffield United,16565,Home Park,Oliver Langford,/en/matches/024b1e2d/Plymouth-Argyle-Sheffield-United-April-12-2025-Championship,,024b1e2d
ENG-Championship,2425,2025-04-12 Portsmouth-Derby County,Championship,42,Sat,2025-04-12,15:00,Portsmouth,2–2,Derby County,20412,Fratton Park,Ruebyn Ricardo,/en/matches/ffcc7041/Portsmouth-Derby-County-April-12-2025-Championship,,ffcc7041
ENG-Championship,2425,2025-04-12 QPR-Bristol City,Championship,42,Sat,2025-04-12,15:00,QPR,1–1,Bristol City,16867,MATRADE Loftus Road Stadium,Leigh Doughty,/en/matches/d223e752/Queens-Park-Rangers-Bristol-City-April-12-2025-Championship,,d223e752
ENG-Championship,2425,2025-04-12 Sheffield Weds-Oxford United,Championship,42,Sat,2025-04-12,15:00,Sheffield Weds,0–1,Oxford United,25646,Hillsborough Stadium,Andrew Davies,/en/matches/59456b0e/Sheffield-Wednesday-Oxford-United-April-12-2025-Championship,,59456b0e
ENG-Championship,2425,2025-04-12 Sunderland-Swansea City,Championship,42,Sat,2025-04-12,15:00,Sunderland,0–1,Swansea City,42362,Stadium of Light,Farai Hallam,/en/matches/48133119/Sunderland-Swansea-City-April-12-2025-Championship,,48133119
ENG-Championship,2425,2025-04-12 West Brom-Watford,Championship,42,Sat,2025-04-12,15:00,West Brom,2–1,Watford,24768,The Hawthorns,Robert Madley,/en/matches/65f40457/West-Bromwich-Albion-Watford-April-12-2025-Championship,,65f40457
ENG-Championship,2425,2025-04-14 Hull City-Coventry City,Championship,42,Mon,2025-04-14,20:00,Hull City,1–1,Coventry City,21659,MKM Stadium,Andrew Kitchen,/en/matches/d7a15a0d/Hull-City-Coventry-City-April-14-2025-Championship,,d7a15a0d
ENG-Championship,2425,2025-04-18 Blackburn-Millwall,Championship,43,Fri,2025-04-18,15:00,Blackburn,4–1,Millwall,14167,Ewood Park,Lewis Smith,/en/matches/b3c9fe09/Blackburn-Rovers-Millwall-April-18-2025-Championship,,b3c9fe09
ENG-Championship,2425,2025-04-18 Bristol City-Sunderland,Championship,43,Fri,2025-04-18,15:00,Bristol City,2–1,Sunderland,25915,Ashton Gate Stadium,Oliver Langford,/en/matches/2c584b14/Bristol-City-Sunderland-April-18-2025-Championship,,2c584b14
ENG-Championship,2425,2025-04-18 Coventry City-West Brom,Championship,43,Fri,2025-04-18,15:00,Coventry City,2–0,West Brom,31167,Coventry Building Society Arena,Craig Pawson,/en/matches/3fa3fbcb/Coventry-City-West-Bromwich-Albion-April-18-2025-Championship,,3fa3fbcb
ENG-Championship,2425,2025-04-18 Derby County-Luton Town,Championship,43,Fri,2025-04-18,12:30,Derby County,0–1,Luton Town,32159,Pride Park Stadium,James Linington,/en/matches/9dbd2be7/Derby-County-Luton-Town-April-18-2025-Championship,,9dbd2be7
ENG-Championship,2425,2025-04-18 Middlesbrough-Plymouth Argyle,Championship,43,Fri,2025-04-18,15:00,Middlesbrough,2–1,Plymouth Argyle,26276,Riverside Stadium,Anthony Backhouse,/en/matches/459d9f88/Middlesbrough-Plymouth-Argyle-April-18-2025-Championship,,459d9f88
ENG-Championship,2425,2025-04-18 Norwich City-Portsmouth,Championship,43,Fri,2025-04-18,15:00,Norwich City,3–5,Portsmouth,26838,Carrow Road,Thomas Kirk,/en/matches/8d986475/Norwich-City-Portsmouth-April-18-2025-Championship,,8d986475
ENG-Championship,2425,2025-04-18 Oxford United-Leeds United,Championship,43,Fri,2025-04-18,20:00,Oxford United,0–1,Leeds United,11537,The Kassam Stadium,Dean Whitestone,/en/matches/799c9a7e/Oxford-United-Leeds-United-April-18-2025-Championship,,799c9a7e
ENG-Championship,2425,2025-04-18 Preston-QPR,Championship,43,Fri,2025-04-18,15:00,Preston,1–2,QPR,14922,Deepdale Stadium,Jeremy Simpson,/en/matches/359b9b8f/Preston-North-End-Queens-Park-Rangers-April-18-2025-Championship,,359b9b8f
ENG-Championship,2425,2025-04-18 Sheffield United-Cardiff City,Championship,43,Fri,2025-04-18,17:30,Sheffield United,2–0,Cardiff City,28201,Bramall Lane,Tony Harrington,/en/matches/434b2e5d/Sheffield-United-Cardiff-City-April-18-2025-Championship,,434b2e5d
ENG-Championship,2425,2025-04-18 Stoke City-Sheffield Weds,Championship,43,Fri,2025-04-18,15:00,Stoke City,2–0,Sheffield Weds,29163,bet365 Stadium,Stephen Martin,/en/matches/e9422481/Stoke-City-Sheffield-Wednesday-April-18-2025-Championship,,e9422481
ENG-Championship,2425,2025-04-18 Swansea City-Hull City,Championship,43,Fri,2025-04-18,15:00,Swansea City,1–0,Hull City,18775,Swansea.com Stadium,Ben Toner,/en/matches/fb8a56f6/Swansea-City-Hull-City-April-18-2025-Championship,,fb8a56f6
ENG-Championship,2425,2025-04-18 Watford-Burnley,Championship,43,Fri,2025-04-18,15:00,Watford,1–2,Burnley,20523,Vicarage Road Stadium,Matt Donohue,/en/matches/4b2f813d/Watford-Burnley-April-18-2025-Championship,,4b2f813d
ENG-Championship,2425,2025-04-21 Burnley-Sheffield United,Championship,44,Mon,2025-04-21,17:30,Burnley,2–1,Sheffield United,21486,Turf Moor,David Webb,/en/matches/0e3f9629/Burnley-Sheffield-United-April-21-2025-Championship,,0e3f9629
ENG-Championship,2425,2025-04-21 Cardiff City-Oxford United,Championship,44,Mon,2025-04-21,15:00,Cardiff City,1–1,Oxford United,23407,Cardiff City Stadium,Farai Hallam,/en/matches/5139d9b9/Cardiff-City-Oxford-United-April-21-2025-Championship,,5139d9b9
ENG-Championship,2425,2025-04-21 Hull City-Preston,Championship,44,Mon,2025-04-21,15:00,Hull City,2–1,Preston,22103,MKM Stadium,Thomas Bramall,/en/matches/83fd7cc8/Hull-City-Preston-North-End-April-21-2025-Championship,,83fd7cc8
ENG-Championship,2425,2025-04-21 Leeds United-Stoke City,Championship,44,Mon,2025-04-21,15:00,Leeds United,6–0,Stoke City,36640,Elland Road,Darren Bond,/en/matches/5222ce24/Leeds-United-Stoke-City-April-21-2025-Championship,,5222ce24
ENG-Championship,2425,2025-04-21 Luton Town-Bristol City,Championship,44,Mon,2025-04-21,15:00,Luton Town,3–1,Bristol City,11874,Kenilworth Road Stadium,John Busby,/en/matches/04eac7b9/Luton-Town-Bristol-City-April-21-2025-Championship,,04eac7b9
ENG-Championship,2425,2025-04-21 Millwall-Norwich City,Championship,44,Mon,2025-04-21,15:00,Millwall,3–1,Norwich City,16426,The Den,Elliot Bell,/en/matches/252bc206/Millwall-Norwich-City-April-21-2025-Championship,,252bc206
ENG-Championship,2425,2025-04-21 Plymouth Argyle-Coventry City,Championship,44,Mon,2025-04-21,15:00,Plymouth Argyle,3–1,Coventry City,16974,Home Park,Andrew Davies,/en/matches/f68c4ec2/Plymouth-Argyle-Coventry-City-April-21-2025-Championship,,f68c4ec2
ENG-Championship,2425,2025-04-21 Portsmouth-Watford,Championship,44,Mon,2025-04-21,15:00,Portsmouth,1–0,Watford,20451,Fratton Park,Samuel Allison,/en/matches/50cb5210/Portsmouth-Watford-April-21-2025-Championship,,50cb5210
ENG-Championship,2425,2025-04-21 QPR-Swansea City,Championship,44,Mon,2025-04-21,15:00,QPR,1–2,Swansea City,16351,MATRADE Loftus Road Stadium,Jeremy Simpson,/en/matches/a9dad4df/Queens-Park-Rangers-Swansea-City-April-21-2025-Championship,,a9dad4df
ENG-Championship,2425,2025-04-21 Sheffield Weds-Middlesbrough,Championship,44,Mon,2025-04-21,15:00,Sheffield Weds,2–1,Middlesbrough,27668,Hillsborough Stadium,Robert Madley,/en/matches/c1fddb70/Sheffield-Wednesday-Middlesbrough-April-21-2025-Championship,,c1fddb70
ENG-Championship,2425,2025-04-21 Sunderland-Blackburn,Championship,44,Mon,2025-04-21,15:00,Sunderland,0–1,Blackburn,40031,Stadium of Light,James Bell,/en/matches/adc899d6/Sunderland-Blackburn-Rovers-April-21-2025-Championship,,adc899d6
ENG-Championship,2425,2025-04-21 West Brom-Derby County,Championship,44,Mon,2025-04-21,15:00,West Brom,1–3,Derby County,25750,The Hawthorns,Gavin Ward,/en/matches/5fbd1555/West-Bromwich-Albion-Derby-County-April-21-2025-Championship,,5fbd1555
ENG-Championship,2425,2025-04-25 Stoke City-Sheffield United,Championship,45,Fri,2025-04-25,20:00,Stoke City,0–2,Sheffield United,24460,bet365 Stadium,Jarred Gillett,/en/matches/6bacbea4/Stoke-City-Sheffield-United-April-25-2025-Championship,,6bacbea4
ENG-Championship,2425,2025-04-26 Blackburn-Watford,Championship,45,Sat,2025-04-26,15:00,Blackburn,2–1,Watford,15154,Ewood Park,Elliot Bell,/en/matches/8c23c086/Blackburn-Rovers-Watford-April-26-2025-Championship,,8c23c086
ENG-Championship,2425,2025-04-26 Cardiff City-West Brom,Championship,45,Sat,2025-04-26,15:00,Cardiff City,0–0,West Brom,23710,Cardiff City Stadium,Andrew Kitchen,/en/matches/ca192ba8/Cardiff-City-West-Bromwich-Albion-April-26-2025-Championship,,ca192ba8
ENG-Championship,2425,2025-04-26 Hull City-Derby County,Championship,45,Sat,2025-04-26,15:00,Hull City,0–1,Derby County,24451,MKM Stadium,Stephen Martin,/en/matches/6c4af4ab/Hull-City-Derby-County-April-26-2025-Championship,,6c4af4ab
ENG-Championship,2425,2025-04-26 Luton Town-Coventry City,Championship,45,Sat,2025-04-26,12:30,Luton Town,1–0,Coventry City,11965,Kenilworth Road Stadium,Oliver Langford,/en/matches/da258a5f/Luton-Town-Coventry-City-April-26-2025-Championship,,da258a5f
ENG-Championship,2425,2025-04-26 Middlesbrough-Norwich City,Championship,45,Sat,2025-04-26,15:00,Middlesbrough,0–0,Norwich City,26374,Riverside Stadium,Dean Whitestone,/en/matches/bd8b1982/Middlesbrough-Norwich-City-April-26-2025-Championship,,bd8b1982
ENG-Championship,2425,2025-04-26 Millwall-Swansea City,Championship,45,Sat,2025-04-26,15:00,Millwall,1–0,Swansea City,17239,The Den,Ben Speedie,/en/matches/eecd5fc9/Millwall-Swansea-City-April-26-2025-Championship,,eecd5fc9
ENG-Championship,2425,2025-04-26 Oxford United-Sunderland,Championship,45,Sat,2025-04-26,15:00,Oxford United,2–0,Sunderland,11431,The Kassam Stadium,Tim Robinson,/en/matches/89fcfad9/Oxford-United-Sunderland-April-26-2025-Championship,,89fcfad9
ENG-Championship,2425,2025-04-26 Preston-Plymouth Argyle,Championship,45,Sat,2025-04-26,15:00,Preston,1–2,Plymouth Argyle,19198,Deepdale Stadium,Matt Donohue,/en/matches/96820f6e/Preston-North-End-Plymouth-Argyle-April-26-2025-Championship,,96820f6e
ENG-Championship,2425,2025-04-26 QPR-Burnley,Championship,45,Sat,2025-04-26,12:30,QPR,0–5,Burnley,16977,MATRADE Loftus Road Stadium,James Linington,/en/matches/70d9d49b/Queens-Park-Rangers-Burnley-April-26-2025-Championship,,70d9d49b
ENG-Championship,2425,2025-04-26 Sheffield Weds-Portsmouth,Championship,45,Sat,2025-04-26,15:00,Sheffield Weds,1–1,Portsmouth,28346,Hillsborough Stadium,Leigh Doughty,/en/matches/9a3324af/Sheffield-Wednesday-Portsmouth-April-26-2025-Championship,,9a3324af
ENG-Championship,2425,2025-04-28 Leeds United-Bristol City,Championship,45,Mon,2025-04-28,20:00,Leeds United,4–0,Bristol City,36310,Elland Road,James Bell,/en/matches/ad54bd5e/Leeds-United-Bristol-City-April-28-2025-Championship,,ad54bd5e
ENG-Championship,2425,2025-05-03 Bristol City-Preston,Championship,46,Sat,2025-05-03,12:30,Bristol City,2–2,Preston,24987,Ashton Gate Stadium,James Linington,/en/matches/c4056ff0/Bristol-City-Preston-North-End-May-3-2025-Championship,,c4056ff0
ENG-Championship,2425,2025-05-03 Burnley-Millwall,Championship,46,Sat,2025-05-03,12:30,Burnley,3–1,Millwall,21485,Turf Moor,Andrew Kitchen,/en/matches/ff577a9b/Burnley-Millwall-May-3-2025-Championship,,ff577a9b
ENG-Championship,2425,2025-05-03 Coventry City-Middlesbrough,Championship,46,Sat,2025-05-03,12:30,Coventry City,2–0,Middlesbrough,31452,Coventry Building Society Arena,Stuart Attwell,/en/matches/c4ab6716/Coventry-City-Middlesbrough-May-3-2025-Championship,,c4ab6716
ENG-Championship,2425,2025-05-03 Derby County-Stoke City,Championship,46,Sat,2025-05-03,12:30,Derby County,0–0,Stoke City,32471,Pride Park Stadium,Oliver Langford,/en/matches/c11b178f/Derby-County-Stoke-City-May-3-2025-Championship,,c11b178f
ENG-Championship,2425,2025-05-03 Norwich City-Cardiff City,Championship,46,Sat,2025-05-03,12:30,Norwich City,4–2,Cardiff City,26581,Carrow Road,Will Finnie,/en/matches/d1666f71/Norwich-City-Cardiff-City-May-3-2025-Championship,,d1666f71
ENG-Championship,2425,2025-05-03 Plymouth Argyle-Leeds United,Championship,46,Sat,2025-05-03,12:30,Plymouth Argyle,1–2,Leeds United,16758,Home Park,Jeremy Simpson,/en/matches/9191b12e/Plymouth-Argyle-Leeds-United-May-3-2025-Championship,,9191b12e
ENG-Championship,2425,2025-05-03 Portsmouth-Hull City,Championship,46,Sat,2025-05-03,12:30,Portsmouth,1–1,Hull City,20420,Fratton Park,John Busby,/en/matches/17319531/Portsmouth-Hull-City-May-3-2025-Championship,,17319531
ENG-Championship,2425,2025-05-03 Sheffield United-Blackburn,Championship,46,Sat,2025-05-03,12:30,Sheffield United,1–1,Blackburn,30556,Bramall Lane,Farai Hallam,/en/matches/aefbaaee/Sheffield-United-Blackburn-Rovers-May-3-2025-Championship,,aefbaaee
ENG-Championship,2425,2025-05-03 Sunderland-QPR,Championship,46,Sat,2025-05-03,12:30,Sunderland,0–1,QPR,42187,Stadium of Light,Anthony Backhouse,/en/matches/44858abe/Sunderland-Queens-Park-Rangers-May-3-2025-Championship,,44858abe
ENG-Championship,2425,2025-05-03 Swansea City-Oxford United,Championship,46,Sat,2025-05-03,12:30,Swansea City,3–3,Oxford United,19672,Swansea.com Stadium,James Bell,/en/matches/edafdbee/Swansea-City-Oxford-United-May-3-2025-Championship,,edafdbee
ENG-Championship,2425,2025-05-03 Watford-Sheffield Weds,Championship,46,Sat,2025-05-03,12:30,Watford,1–1,Sheffield Weds,20657,Vicarage Road Stadium,Stephen Martin,/en/matches/3edc57d8/Watford-Sheffield-Wednesday-May-3-2025-Championship,,3edc57d8
ENG-Championship,2425,2025-05-03 West Brom-Luton Town,Championship,46,Sat,2025-05-03,12:30,West Brom,5–3,Luton Town,25615,The Hawthorns,Darren Bond,/en/matches/fde8f30c/West-Bromwich-Albion-Luton-Town-May-3-2025-Championship,,fde8f30c
ENG-Championship,2425,2025-05-08 Bristol City-Sheffield United,Promotion play-offs — Semi-finals,,Thu,2025-05-08,20:00,Bristol City,0–3,Sheffield United,25652,Ashton Gate Stadium,Oliver Langford,/en/matches/6c9274e2/Bristol-City-Sheffield-United-May-8-2025-Championship,Leg 1 of 2,6c9274e2
ENG-Championship,2425,2025-05-09 Coventry City-Sunderland,Promotion play-offs — Semi-finals,,Fri,2025-05-09,20:00,Coventry City,1–2,Sunderland,31293,Coventry Building Society Arena,John Busby,/en/matches/fda378a2/Coventry-City-Sunderland-May-9-2025-Championship,Leg 1 of 2,fda378a2
ENG-Championship,2425,2025-05-12 Sheffield United-Bristol City,Promotion play-offs — Semi-finals,,Mon,2025-05-12,20:00,Sheffield United,3–0,Bristol City,26543,Bramall Lane,Peter Bankes,/en/matches/1b2e1d19/Sheffield-United-Bristol-City-May-12-2025-Championship,Leg 2 of 2; Sheffield United won,1b2e1d19
ENG-Championship,2425,2025-05-13 Sunderland-Coventry City,Promotion play-offs — Semi-finals,,Tue,2025-05-13,20:00,Sunderland,1–1,Coventry City,46530,Stadium of Light,Andy Madley,/en/matches/cb8405b4/Sunderland-Coventry-City-May-13-2025-Championship,Leg 2 of 2; Sunderland won; Required Extra Time,cb8405b4
ENG-Championship,2425,2025-05-24 Sheffield United-Sunderland,Promotion play-offs — Final,,Sat,2025-05-24,15:01,Sheffield United,1–2,Sunderland,82718,Wembley Stadium connected by EE (Neutral Site),Chris Kavanagh,/en/matches/d9d93103/Sheffield-United-Sunderland-May-24-2025-Championship,,d9d93103
